日期,股票,評分,收盤價
2026-06-08,萬海,15,86.1
2026-06-08,富邦金,12,118.0
2026-06-08,國泰金,12,100.0
2026-06-08,台積電,9,2365.0
2026-06-08,鴻海,9,284.5
2026-06-08,廣達,9,390.5
2026-06-08,緯創,9,171.0
2026-06-08,技嘉,9,369.0
2026-06-08,長榮,9,232.0
2026-06-08,陽明,9,54.5
2026-06-08,聯發科,6,4300.0
2026-06-08,聯電,6,131.5
2026-06-08,緯穎,6,5660.0
2026-06-08,奇鋐,6,2600.0
2026-06-08,台光電,0,4885.0
2026-06-08,高力,0,1125.0
2026-06-09,萬海,15,86.1
2026-06-09,富邦金,12,118.0
2026-06-09,國泰金,12,100.0
2026-06-09,台積電,9,2365.0
2026-06-09,鴻海,9,284.5
2026-06-09,廣達,9,390.5
2026-06-09,緯創,9,171.0
2026-06-09,技嘉,9,369.0
2026-06-09,長榮,9,232.0
2026-06-09,陽明,9,54.5
2026-06-09,聯發科,6,4300.0
2026-06-09,聯電,6,131.5
2026-06-09,緯穎,6,5660.0
2026-06-09,奇鋐,6,2600.0
2026-06-09,台光電,0,4885.0
2026-06-09,高力,0,1125.0
2026-06-09,萬海,15,86.1
2026-06-09,富邦金,12,118.0
2026-06-09,國泰金,12,100.0
2026-06-09,台積電,9,2365.0
2026-06-09,鴻海,9,284.5
2026-06-09,廣達,9,390.5
2026-06-09,緯創,9,171.0
2026-06-09,技嘉,9,369.0
2026-06-09,長榮,9,232.0
2026-06-09,陽明,9,54.5
2026-06-09,聯發科,6,4300.0
2026-06-09,聯電,6,131.5
2026-06-09,緯穎,6,5660.0
2026-06-09,奇鋐,6,2600.0
2026-06-09,台光電,0,4885.0
2026-06-09,高力,0,1125.0
2026-06-09,萬海,15,86.1
2026-06-09,富邦金,12,118.0
2026-06-09,國泰金,12,100.0
2026-06-09,台積電,9,2365.0
2026-06-09,鴻海,9,284.5
2026-06-09,廣達,9,390.5
2026-06-09,緯創,9,171.0
2026-06-09,技嘉,9,369.0
2026-06-09,長榮,9,232.0
2026-06-09,陽明,9,54.5
2026-06-09,聯發科,6,4300.0
2026-06-09,聯電,6,131.5
2026-06-09,緯穎,6,5660.0
2026-06-09,奇鋐,6,2600.0
2026-06-09,台光電,0,4885.0
2026-06-09,高力,0,1125.0
2026-06-09,萬海,15,86.1
2026-06-09,富邦金,12,118.0
2026-06-09,國泰金,12,100.0
2026-06-09,廣達,9,390.5
2026-06-09,長榮,9,232.0
2026-06-09,陽明,9,54.5
2026-06-09,台積電,8,2365.0
2026-06-09,鴻海,8,284.5
2026-06-09,緯創,8,171.0
2026-06-09,技嘉,8,369.0
2026-06-09,奇鋐,7,2600.0
2026-06-09,聯發科,5,4300.0
2026-06-09,聯電,5,131.5
2026-06-09,緯穎,5,5660.0
2026-06-09,台光電,1,4885.0
2026-06-09,高力,1,1125.0
2026-06-09,萬海,15,86.1
2026-06-09,富邦金,12,118.0
2026-06-09,國泰金,12,100.0
2026-06-09,廣達,9,390.5
2026-06-09,長榮,9,232.0
2026-06-09,陽明,9,54.5
2026-06-09,台積電,8,2365.0
2026-06-09,鴻海,8,284.5
2026-06-09,緯創,8,171.0
2026-06-09,技嘉,8,369.0
2026-06-09,奇鋐,7,2600.0
2026-06-09,聯發科,5,4300.0
2026-06-09,聯電,5,131.5
2026-06-09,緯穎,5,5660.0
2026-06-09,台光電,1,4885.0
2026-06-09,高力,1,1125.0
2026-06-09,高力,11,1210.0
2026-06-09,廣達,9,376.5
2026-06-09,富邦金,9,116.0
2026-06-09,國泰金,9,95.0
2026-06-09,鴻海,8,269.5
2026-06-09,緯創,8,163.5
2026-06-09,技嘉,8,345.0
2026-06-09,長榮,8,224.0
2026-06-09,萬海,8,84.6
2026-06-09,陽明,7,51.7
2026-06-09,聯發科,5,4070.0
2026-06-09,台積電,4,2295.0
2026-06-09,聯電,4,121.0
2026-06-09,緯穎,4,5275.0
2026-06-09,奇鋐,4,2570.0
2026-06-09,台光電,1,4770.0
2026-06-09,富邦金,12,119.5
2026-06-09,高力,11,1270.0
2026-06-09,廣達,9,378.0
2026-06-09,國泰金,9,99.3
2026-06-09,緯創,8,165.5
2026-06-09,長榮,7,222.0
2026-06-09,萬海,7,83.6
2026-06-09,台積電,5,2305.0
2026-06-09,鴻海,5,270.5
2026-06-09,聯發科,5,4285.0
2026-06-09,技嘉,5,345.5
2026-06-09,聯電,4,119.5
2026-06-09,緯穎,4,5275.0
2026-06-09,奇鋐,4,2500.0
2026-06-09,陽明,4,51.4
2026-06-09,台光電,2,4940.0
2026-06-09,富邦金,12,121.0
2026-06-09,國泰金,12,100.5
2026-06-09,緯創,8,166.0
2026-06-09,長榮,7,222.5
2026-06-09,萬海,7,83.5
2026-06-09,鴻海,5,271.5
2026-06-09,技嘉,5,348.0
2026-06-09,聯電,4,121.5
2026-06-09,陽明,4,51.3
2026-06-09,富邦金,12,122.0
2026-06-09,國泰金,12,101.5
2026-06-09,緯創,8,166.0
2026-06-09,長榮,7,223.0
2026-06-09,萬海,7,83.8
2026-06-09,中鋼,7,18.65
2026-06-09,鴻海,5,272.0
2026-06-09,技嘉,5,349.5
2026-06-09,南亞科,5,350.0
2026-06-09,陽明,4,51.4
2026-06-09,聯電,4,121.5
2026-06-09,富邦金,12,123.5
2026-06-09,國泰金,12,103.0
2026-06-09,廣達,9,376.5
2026-06-09,緯創,8,165.5
2026-06-09,8996.TW,8,1250.0
2026-06-09,長榮,7,223.0
2026-06-09,萬海,7,83.7
2026-06-09,中鋼,7,18.7
2026-06-09,聯發科,6,4395.0
2026-06-09,台積電,5,2305.0
2026-06-09,鴻海,5,272.0
2026-06-09,技嘉,5,348.5
2026-06-09,南亞科,5,347.0
2026-06-09,奇鋐,4,2500.0
2026-06-09,陽明,4,51.2
2026-06-09,聯電,4,122.0
2026-06-09,台光電,2,5010.0
2026-06-09,8996.TW,12,1275.0
2026-06-09,國泰金,11,103.5
2026-06-09,富邦金,10,123.0
2026-06-09,廣達,9,375.5
2026-06-09,緯創,9,164.5
2026-06-09,台積電,6,2305.0
2026-06-09,鴻海,6,270.5
2026-06-09,聯發科,6,4410.0
2026-06-09,技嘉,6,346.5
2026-06-09,長榮,6,222.5
2026-06-09,萬海,6,83.9
2026-06-09,南亞科,6,346.0
2026-06-09,中鋼,6,18.7
2026-06-09,奇鋐,3,2515.0
2026-06-09,台光電,3,5025.0
2026-06-09,陽明,3,51.4
2026-06-09,聯電,3,121.5
2026-06-09,8996.TW,12,1330.0
2026-06-09,國泰金,11,102.5
2026-06-09,富邦金,10,124.5
2026-06-09,廣達,9,377.5
2026-06-09,緯創,9,166.0
2026-06-09,長榮,9,225.0
2026-06-09,萬海,9,84.7
2026-06-09,台積電,6,2305.0
2026-06-09,鴻海,6,272.5
2026-06-09,聯發科,6,4475.0
2026-06-09,技嘉,6,351.5
2026-06-09,陽明,6,51.8
2026-06-09,聯電,6,129.5
2026-06-09,南亞科,6,346.5
2026-06-09,中鋼,6,18.65
2026-06-09,奇鋐,3,2525.0
2026-06-09,台光電,3,5045.0
2026-06-09,8996.TW,12,1330.0
2026-06-09,國泰金,11,104.0
2026-06-09,富邦金,10,125.0
2026-06-09,廣達,9,375.0
2026-06-09,緯創,9,165.5
2026-06-09,萬海,9,84.7
2026-06-09,南亞科,9,363.0
2026-06-09,台積電,6,2305.0
2026-06-09,鴻海,6,277.5
2026-06-09,聯發科,6,4475.0
2026-06-09,技嘉,6,359.0
2026-06-09,長榮,6,222.0
2026-06-09,陽明,6,51.6
2026-06-09,聯電,6,127.5
2026-06-09,中鋼,6,18.75
2026-06-09,奇鋐,3,2545.0
2026-06-09,台光電,3,5065.0
2026-06-09,8996.TW,12,1330.0
2026-06-09,國泰金,11,104.0
2026-06-09,富邦金,10,125.0
2026-06-09,廣達,9,375.0
2026-06-09,緯創,9,165.5
2026-06-09,萬海,9,84.7
2026-06-09,南亞科,9,363.0
2026-06-09,台積電,6,2305.0
2026-06-09,鴻海,6,277.5
2026-06-09,聯發科,6,4475.0
2026-06-09,技嘉,6,359.0
2026-06-09,長榮,6,222.0
2026-06-09,陽明,6,51.6
2026-06-09,聯電,6,127.5
2026-06-09,中鋼,6,18.75
2026-06-09,奇鋐,3,2545.0
2026-06-09,台光電,3,5065.0
2026-06-09,8996.TW,12,1330.0
2026-06-09,國泰金,11,104.0
2026-06-09,富邦金,10,125.0
2026-06-09,廣達,9,375.0
2026-06-09,緯創,9,165.5
2026-06-09,萬海,9,84.7
2026-06-09,南亞科,9,363.0
2026-06-09,台積電,6,2305.0
2026-06-09,鴻海,6,277.5
2026-06-09,聯發科,6,4475.0
2026-06-09,技嘉,6,359.0
2026-06-09,長榮,6,222.0
2026-06-09,陽明,6,51.6
2026-06-09,聯電,6,127.5
2026-06-09,中鋼,6,18.75
2026-06-09,奇鋐,3,2545.0
2026-06-09,台光電,3,5065.0
2026-06-12,廣達,9,372.0
2026-06-12,長榮,9,228.0
2026-06-12,國泰金,9,100.5
2026-06-12,富邦金,8,122.0
2026-06-12,8996.TW,6,1145.0
2026-06-12,南亞科,6,374.0
2026-06-12,聯發科,3,4180.0
2026-06-12,緯創,3,156.0
2026-06-12,台光電,3,4830.0
2026-06-12,萬海,3,85.0
2026-06-12,台積電,0,2310.0
2026-06-12,鴻海,0,260.5
2026-06-12,奇鋐,0,2405.0
2026-06-12,技嘉,0,342.0
2026-06-12,陽明,0,52.4
2026-06-12,聯電,0,133.5
2026-06-12,中鋼,0,18.9
2026-06-12,廣達,9,372.0
2026-06-12,長榮,9,228.0
2026-06-12,國泰金,9,100.5
2026-06-12,富邦金,8,122.0
2026-06-12,8996.TW,6,1145.0
2026-06-13,廣達,9,372.0
2026-06-13,長榮,9,228.0
2026-06-13,國泰金,9,100.5
2026-06-13,富邦金,8,122.0
2026-06-13,8996.TW,6,1145.0
2026-06-13,廣達,9,372.0
2026-06-13,長榮,9,228.0
2026-06-13,國泰金,9,100.5
2026-06-13,富邦金,8,122.0
2026-06-13,8996.TW,6,1145.0
2026-06-13,廣達,9,372.0
2026-06-13,長榮,9,228.0
2026-06-13,國泰金,9,100.5
2026-06-13,富邦金,8,122.0
2026-06-13,8996.TW,6,1145.0
2026-06-14,廣達,9,372.0
2026-06-14,長榮,9,228.0
2026-06-14,國泰金,9,100.5
2026-06-14,富邦金,8,122.0
2026-06-14,8996.TW,6,1145.0
2026-06-14,廣達,9,372.0
2026-06-14,長榮,9,228.0
2026-06-14,國泰金,9,100.5
2026-06-14,富邦金,8,122.0
2026-06-14,8996.TW,6,1145.0
2026-06-14,廣達,9,372.0
2026-06-14,長榮,9,228.0
2026-06-14,國泰金,9,100.5
2026-06-14,富邦金,8,122.0
2026-06-14,8996.TW,6,1145.0
2026-06-15,廣達,9,372.0
2026-06-15,長榮,9,228.0
2026-06-15,國泰金,9,100.5
2026-06-15,富邦金,8,122.0
2026-06-15,8996.TW,6,1145.0
2026-06-15,廣達,9,372.0
2026-06-15,長榮,9,228.0
2026-06-15,國泰金,9,100.5
2026-06-15,富邦金,8,122.0
2026-06-15,8996.TW,6,1145.0
2026-06-15,廣達,9,372.0
2026-06-15,長榮,9,228.0
2026-06-15,國泰金,9,100.5
2026-06-15,富邦金,8,122.0
2026-06-15,8996.TW,6,1145.0
2026-06-15,廣達,9,372.0
2026-06-15,長榮,9,228.0
2026-06-15,國泰金,9,100.5
2026-06-15,富邦金,8,122.0
2026-06-15,8996.TW,6,1145.0
2026-06-15,廣達,9,372.0
2026-06-15,富邦金,8,127.0
2026-06-15,國泰金,8,104.0
2026-06-15,8996.TW,6,1255.0
2026-06-15,長榮,6,226.5
2026-06-16,廣達,9,372.0
2026-06-16,長榮,9,228.0
2026-06-16,國泰金,9,100.5
2026-06-16,富邦金,8,122.0
2026-06-16,8996.TW,6,1145.0
2026-06-16,富邦金,8,127.5
2026-06-16,國泰金,8,104.0
2026-06-16,廣達,6,370.0
2026-06-16,8996.TW,6,1255.0
2026-06-16,長榮,6,224.5
2026-06-16,富邦金,8,127.5
2026-06-16,國泰金,8,104.0
2026-06-16,廣達,6,370.0
2026-06-16,8996.TW,6,1255.0
2026-06-16,長榮,6,224.5
2026-06-17,富邦金,11,132.0
2026-06-17,國泰金,11,109.5
2026-06-17,南亞科,9,425.0
2026-06-17,台積電,6,2400.0
2026-06-17,廣達,6,362.5
2026-06-17,富邦金,11,132.0
2026-06-17,國泰金,11,109.5
2026-06-17,南亞科,9,425.0
2026-06-17,台積電,6,2400.0
2026-06-17,廣達,6,362.5
2026-06-17,富邦金,11,132.0
2026-06-17,國泰金,11,109.5
2026-06-17,南亞科,9,425.0
2026-06-17,台積電,6,2400.0
2026-06-17,廣達,6,362.5
2026-06-17,8996.TW,12,1515.0
2026-06-17,南亞科,12,437.0
2026-06-17,富邦金,11,135.5
2026-06-17,國泰金,11,113.5
2026-06-17,廣達,6,374.0
2026-06-18,8996.TW,12,1515.0
2026-06-18,南亞科,12,437.0
2026-06-18,富邦金,11,135.5
2026-06-18,國泰金,11,113.5
2026-06-18,廣達,6,374.0
2026-06-18,8996.TW,12,1515.0
2026-06-18,南亞科,12,437.0
2026-06-18,富邦金,11,135.5
2026-06-18,國泰金,11,113.5
2026-06-18,廣達,6,374.0
2026-06-18,8996.TW,14,1590.0
2026-06-18,南亞科,12,459.5
2026-06-18,台積電,9,2410.0
2026-06-18,台光電,9,5600.0
2026-06-18,富邦金,8,138.0
2026-06-19,8996.TW,14,1590.0
2026-06-19,南亞科,12,459.5
2026-06-19,台積電,9,2410.0
2026-06-19,台光電,9,5600.0
2026-06-19,富邦金,8,138.0
2026-06-19,8996.TW,14,1590.0
2026-06-19,南亞科,12,459.5
2026-06-19,台積電,9,2410.0
2026-06-19,台光電,9,5600.0
2026-06-19,富邦金,8,138.0
2026-06-20,8996.TW,14,1590.0
2026-06-20,南亞科,12,459.5
2026-06-20,台積電,9,2410.0
2026-06-20,台光電,9,5600.0
2026-06-20,富邦金,8,138.0
2026-06-20,8996.TW,14,1590.0
2026-06-20,南亞科,12,459.5
2026-06-20,台積電,9,2410.0
2026-06-20,台光電,9,5600.0
2026-06-20,富邦金,8,138.0
2026-06-20,8996.TW,14,1590.0
2026-06-20,南亞科,12,459.5
2026-06-20,台積電,9,2410.0
2026-06-20,台光電,9,5600.0
2026-06-20,富邦金,8,138.0
2026-06-20,8996.TW,14,1590.0
2026-06-20,南亞科,12,459.5
2026-06-20,台積電,9,2410.0
2026-06-20,台光電,9,5600.0
2026-06-20,富邦金,8,138.0
2026-06-21,8996.TW,14,1590.0
2026-06-21,南亞科,12,459.5
2026-06-21,台積電,9,2410.0
2026-06-21,台光電,9,5600.0
2026-06-21,富邦金,8,138.0
2026-06-21,8996.TW,14,1590.0
2026-06-21,南亞科,12,459.5
2026-06-21,台積電,9,2410.0
2026-06-21,台光電,9,5600.0
2026-06-21,富邦金,8,138.0
2026-06-22,8996.TW,14,1590.0
2026-06-22,南亞科,12,459.5
2026-06-22,台積電,9,2410.0
2026-06-22,台光電,9,5600.0
2026-06-22,富邦金,8,138.0
2026-06-22,8996.TW,14,1590.0
2026-06-22,南亞科,12,459.5
2026-06-22,台積電,9,2410.0
2026-06-22,台光電,9,5600.0
2026-06-22,富邦金,8,138.0
2026-06-22,8996.TW,14,1590.0
2026-06-22,南亞科,12,459.5
2026-06-22,台積電,9,2410.0
2026-06-22,台光電,9,5600.0
2026-06-22,富邦金,8,138.0
2026-06-22,8996.TW,14,1590.0
2026-06-22,南亞科,12,459.5
2026-06-22,台積電,9,2410.0
2026-06-22,台光電,9,5600.0
2026-06-22,富邦金,8,138.0
2026-06-22,8996.TW,14,1590.0
2026-06-22,南亞科,12,459.5
2026-06-22,台積電,9,2410.0
2026-06-22,台光電,9,5600.0
2026-06-22,富邦金,8,138.0
2026-06-23,8996.TW,14,1590.0
2026-06-23,南亞科,12,459.5
2026-06-23,台積電,9,2410.0
2026-06-23,台光電,9,5600.0
2026-06-23,富邦金,8,138.0
2026-06-23,台積電,12,2510.0
2026-06-23,台光電,12,5825.0
2026-06-23,南亞科,12,505.0
2026-06-23,聯電,9,160.0
2026-06-23,8996.TW,8,1555.0
2026-06-23,台積電,12,2515.0
2026-06-23,聯電,12,171.5
2026-06-23,台光電,9,5540.0
2026-06-23,8996.TW,9,1470.0
2026-06-23,富邦金,8,139.5
2026-06-23,聯電,15,170.0
2026-06-23,台積電,9,2490.0
2026-06-23,台光電,9,5700.0
2026-06-23,8996.TW,9,1450.0
2026-06-23,富邦金,8,137.5
2026-06-24,台積電,12,2510.0
2026-06-24,台光電,12,5825.0
2026-06-24,南亞科,12,505.0
2026-06-24,聯電,9,160.0
2026-06-24,8996.TW,8,1555.0
2026-06-24,聯電,15,170.0
2026-06-24,台積電,9,2490.0
2026-06-24,台光電,9,5700.0
2026-06-24,8996.TW,9,1450.0
2026-06-24,富邦金,8,137.5
2026-06-24,聯電,15,178.0
2026-06-24,台積電,9,2390.0
2026-06-24,台光電,9,5560.0
2026-06-24,8996.TW,9,1450.0
2026-06-24,富邦金,9,134.5
2026-06-25,聯電,15,170.0
2026-06-25,台積電,9,2490.0
2026-06-25,台光電,9,5700.0
2026-06-25,8996.TW,9,1450.0
2026-06-25,富邦金,8,137.5
2026-06-25,聯電,15,178.0
2026-06-25,台光電,9,5560.0
2026-06-25,8996.TW,9,1450.0
2026-06-25,富邦金,9,134.5
2026-06-25,國泰金,9,110.0
2026-06-25,聯電,15,178.0
2026-06-25,台光電,9,5560.0
2026-06-25,8996.TW,9,1450.0
2026-06-25,富邦金,9,134.5
2026-06-25,國泰金,9,110.0
2026-06-25,聯電,15,178.0
2026-06-25,台光電,9,5560.0
2026-06-25,8996.TW,9,1450.0
2026-06-25,富邦金,9,134.5
2026-06-25,國泰金,9,110.0
2026-06-25,台光電,9,5640.0
2026-06-25,8996.TW,9,1460.0
2026-06-25,富邦金,9,136.0
2026-06-25,國泰金,9,111.5
2026-06-25,南亞科,9,477.0
2026-06-26,聯電,15,178.0
2026-06-26,台光電,9,5560.0
2026-06-26,8996.TW,9,1450.0
2026-06-26,富邦金,9,134.5
2026-06-26,國泰金,9,110.0
2026-06-26,台光電,9,5640.0
2026-06-26,8996.TW,9,1460.0
2026-06-26,富邦金,9,136.0
2026-06-26,國泰金,9,111.5
2026-06-26,南亞科,9,477.0
2026-06-26,8996.TW,9,1370.0
2026-06-26,富邦金,9,134.0
2026-06-26,聯電,9,164.0
2026-06-26,南亞科,9,449.0
2026-06-26,台光電,6,5255.0
2026-06-27,台光電,9,5640.0
2026-06-27,8996.TW,9,1460.0
2026-06-27,富邦金,9,136.0
2026-06-27,國泰金,9,111.5
2026-06-27,南亞科,9,477.0
2026-06-27,8996.TW,9,1370.0
2026-06-27,富邦金,9,134.0
2026-06-27,聯電,9,164.0
2026-06-27,南亞科,9,449.0
2026-06-27,台光電,6,5255.0
2026-06-27,8996.TW,9,1370.0
2026-06-27,富邦金,9,134.0
2026-06-27,聯電,9,164.0
2026-06-27,南亞科,9,449.0
2026-06-27,台光電,6,5255.0
2026-06-27,8996.TW,9,1370.0
2026-06-27,富邦金,9,134.0
2026-06-27,聯電,9,164.0
2026-06-27,南亞科,9,449.0
2026-06-27,台光電,6,5255.0
2026-06-28,8996.TW,9,1370.0
2026-06-28,富邦金,9,134.0
2026-06-28,聯電,9,164.0
2026-06-28,南亞科,9,449.0
2026-06-28,台光電,6,5255.0
2026-06-28,8996.TW,9,1370.0
2026-06-28,富邦金,9,134.0
2026-06-28,聯電,9,164.0
2026-06-28,南亞科,9,449.0
2026-06-28,台光電,6,5255.0
2026-06-28,8996.TW,9,1370.0
2026-06-28,富邦金,9,134.0
2026-06-28,聯電,9,164.0
2026-06-28,南亞科,9,449.0
2026-06-28,台光電,6,5255.0
2026-06-28,8996.TW,9,1370.0
2026-06-28,富邦金,9,134.0
2026-06-28,聯電,9,164.0
2026-06-28,南亞科,9,449.0
2026-06-28,台光電,6,5255.0
2026-06-28,8996.TW,9,1370.0
2026-06-28,富邦金,9,134.0
2026-06-28,聯電,9,164.0
2026-06-28,南亞科,9,449.0
2026-06-28,台光電,6,5255.0
2026-06-29,8996.TW,9,1370.0
2026-06-29,富邦金,9,134.0
2026-06-29,聯電,9,164.0
2026-06-29,南亞科,9,449.0
2026-06-29,台光電,6,5255.0
2026-06-29,8996.TW,9,1370.0
2026-06-29,富邦金,9,134.0
2026-06-29,聯電,9,164.0
2026-06-29,南亞科,9,449.0
2026-06-29,台光電,6,5255.0
2026-06-29,台光電,9,5450.0
2026-06-29,8996.TW,9,1475.0
2026-06-29,聯電,9,164.0
2026-06-29,南亞科,9,453.0
2026-06-29,富邦金,6,128.5
2026-06-30,台光電,9,5450.0
2026-06-30,8996.TW,9,1475.0
2026-06-30,聯電,9,164.0
2026-06-30,南亞科,9,453.0
2026-06-30,富邦金,6,128.5
2026-06-30,8996.TW,9,1550.0
2026-06-30,聯電,9,164.5
2026-06-30,南亞科,9,452.5
2026-06-30,富邦金,6,129.5
2026-06-30,國泰金,6,98.3
2026-07-01,台光電,9,5450.0
2026-07-01,8996.TW,9,1475.0
2026-07-01,聯電,9,164.0
2026-07-01,南亞科,9,453.0
2026-07-01,富邦金,6,128.5
2026-07-01,8996.TW,9,1550.0
2026-07-01,聯電,9,164.5
2026-07-01,南亞科,9,452.5
2026-07-01,富邦金,6,125.25
2026-07-01,國泰金,6,98.3
2026-07-01,台積電,9,2505.0
2026-07-01,8996.TW,9,1555.0
2026-07-01,聯電,8,169.0
2026-07-01,奇鋐,6,2620.0
2026-07-01,台光電,6,5535.0
2026-07-02,台積電,9,2505.0
2026-07-02,8996.TW,9,1555.0
2026-07-02,聯電,8,169.0
2026-07-02,奇鋐,6,2620.0
2026-07-02,台光電,6,5535.0
2026-07-02,台積電,9,2505.0
2026-07-02,8996.TW,9,1555.0
2026-07-02,聯電,8,169.0
2026-07-02,奇鋐,6,2620.0
2026-07-02,台光電,6,5535.0
2026-07-02,台積電,9,2465.0
2026-07-02,奇鋐,9,2740.0
2026-07-02,台光電,9,5655.0
2026-07-02,8996.TW,9,1415.0
2026-07-02,聯電,8,165.5
2026-07-03,台積電,9,2505.0
2026-07-03,8996.TW,9,1555.0
2026-07-03,聯電,8,169.0
2026-07-03,奇鋐,6,2620.0
2026-07-03,台光電,6,5535.0
2026-07-03,台積電,9,2465.0
2026-07-03,奇鋐,9,2740.0
2026-07-03,台光電,9,5655.0
2026-07-03,8996.TW,9,1415.0
2026-07-03,聯電,8,165.5
2026-07-03,台光電,15,6080.0
2026-07-03,台積電,9,2445.0
2026-07-03,奇鋐,9,2760.0
2026-07-03,聯電,9,170.5
2026-07-03,8996.TW,6,1380.0
2026-07-03,台光電,15,6080.0
2026-07-03,台積電,9,2445.0
2026-07-03,奇鋐,9,2760.0
2026-07-03,聯電,9,170.5
2026-07-03,8996.TW,6,1380.0
2026-07-04,台光電,15,6080.0
2026-07-04,台積電,9,2445.0
2026-07-04,奇鋐,9,2760.0
2026-07-04,聯電,9,170.5
2026-07-04,8996.TW,6,1380.0
2026-07-04,台光電,15,6080.0
2026-07-04,台積電,9,2445.0
2026-07-04,奇鋐,9,2760.0
2026-07-04,聯電,9,170.5
2026-07-04,8996.TW,6,1380.0
2026-07-04,台光電,15,6080.0
2026-07-04,台積電,9,2445.0
2026-07-04,奇鋐,9,2760.0
2026-07-04,聯電,9,170.5
2026-07-04,8996.TW,6,1380.0
2026-07-04,台光電,15,6080.0
2026-07-04,台積電,9,2445.0
2026-07-04,奇鋐,9,2760.0
2026-07-04,聯電,9,170.5
2026-07-04,8996.TW,6,1380.0
2026-07-05,台光電,15,6080.0
2026-07-05,台積電,9,2445.0
2026-07-05,奇鋐,9,2760.0
2026-07-05,聯電,9,170.5
2026-07-05,8996.TW,6,1380.0
2026-07-05,台光電,15,6080.0
2026-07-05,台積電,9,2445.0
2026-07-05,奇鋐,9,2760.0
2026-07-05,聯電,9,170.5
2026-07-05,8996.TW,6,1380.0
2026-07-05,台光電,15,6080.0
2026-07-05,台積電,9,2445.0
2026-07-05,奇鋐,9,2760.0
2026-07-05,聯電,9,170.5
2026-07-05,8996.TW,6,1380.0
2026-07-05,台光電,15,6080.0
2026-07-05,台積電,9,2445.0
2026-07-05,奇鋐,9,2760.0
2026-07-05,聯電,9,170.5
2026-07-05,8996.TW,6,1380.0
2026-07-06,台光電,15,6080.0
2026-07-06,台積電,9,2445.0
2026-07-06,奇鋐,9,2760.0
2026-07-06,聯電,9,170.5
2026-07-06,8996.TW,6,1380.0
2026-07-06,台光電,15,6080.0
2026-07-06,台積電,9,2445.0
2026-07-06,奇鋐,9,2760.0
2026-07-06,聯電,9,170.5
2026-07-06,8996.TW,6,1380.0
2026-07-06,奇鋐,9,2670.0
2026-07-06,台光電,9,5475.0
2026-07-06,台積電,6,2460.0
2026-07-06,廣達,6,378.0
2026-07-06,陽明,6,53.0
2026-07-07,台光電,15,6080.0
2026-07-07,台積電,9,2445.0
2026-07-07,奇鋐,9,2760.0
2026-07-07,聯電,9,170.5
2026-07-07,8996.TW,6,1380.0
2026-07-07,奇鋐,9,2670.0
2026-07-07,台光電,9,5475.0
2026-07-07,台積電,6,2460.0
2026-07-07,廣達,6,378.0
2026-07-07,陽明,6,53.0
2026-07-07,奇鋐,6,2450.0
2026-07-07,台光電,6,5220.0
2026-07-07,陽明,6,51.1
2026-07-07,台積電,3,2440.0
2026-07-07,廣達,3,373.0
2026-07-08,奇鋐,9,2670.0
2026-07-08,台光電,9,5475.0
2026-07-08,台積電,6,2460.0
2026-07-08,廣達,6,378.0
2026-07-08,陽明,6,53.0
2026-07-08,奇鋐,6,2450.0
2026-07-08,台光電,6,5220.0
2026-07-08,陽明,6,51.1
2026-07-08,台積電,3,2440.0
2026-07-08,廣達,3,373.0
2026-07-08,中鋼,0,18.7
2026-07-08,台積電,6,2465.0
2026-07-08,奇鋐,6,2325.0
2026-07-08,陽明,6,52.3
2026-07-08,萬海,6,79.4
2026-07-08,聯電,6,163.0
2026-07-09,台積電,6,2440.0
2026-07-09,奇鋐,6,2450.0
2026-07-09,台光電,6,5220.0
2026-07-09,陽明,6,51.1
2026-07-09,廣達,3,373.0
2026-07-09,台積電,6,2440.0
2026-07-09,奇鋐,6,2450.0
2026-07-09,台光電,6,5220.0
2026-07-09,陽明,6,51.1
2026-07-09,廣達,3,373.0
2026-07-09,台積電,6,2440.0
2026-07-09,奇鋐,6,2450.0
2026-07-09,台光電,6,5220.0
2026-07-09,陽明,6,51.1
2026-07-09,廣達,3,373.0
2026-07-09,台積電,6,2465.0
2026-07-09,奇鋐,6,2325.0
2026-07-09,陽明,6,52.3
2026-07-09,萬海,6,79.4
2026-07-09,聯電,6,163.0
2026-07-09,台積電,6,2465.0
2026-07-09,奇鋐,6,2325.0
2026-07-09,陽明,6,52.3
2026-07-09,萬海,6,79.4
2026-07-09,聯電,6,163.0
2026-07-09,台積電,6,2465.0
2026-07-09,奇鋐,6,2325.0
2026-07-09,陽明,6,52.3
2026-07-09,萬海,6,79.4
2026-07-09,聯電,6,163.0
2026-07-09,長榮,6,195.5
2026-07-09,陽明,6,51.8
2026-07-09,萬海,6,80.7
2026-07-09,台積電,3,2435.0
2026-07-09,廣達,3,376.5
2026-07-09,長榮,6,194.5
2026-07-09,陽明,6,51.6
2026-07-09,萬海,6,80.4
2026-07-09,台積電,3,2415.0
2026-07-09,廣達,3,373.5
2026-07-09,長榮,6,194.5
2026-07-09,陽明,6,51.6
2026-07-09,萬海,6,80.4
2026-07-09,台積電,3,2415.0
2026-07-09,廣達,3,373.5
2026-07-09,長榮,6,194.5
2026-07-09,陽明,6,51.6
2026-07-09,萬海,6,80.4
2026-07-09,台積電,3,2415.0
2026-07-09,廣達,3,373.5
2026-07-10,台積電,6,2465.0
2026-07-10,奇鋐,6,2325.0
2026-07-10,陽明,6,52.3
2026-07-10,萬海,6,79.4
2026-07-10,聯電,6,163.0
2026-07-10,台積電,6,2465.0
2026-07-10,奇鋐,6,2325.0
2026-07-10,陽明,6,52.3
2026-07-10,萬海,6,79.4
2026-07-10,聯電,6,163.0
2026-07-10,台積電,6,2465.0
2026-07-10,奇鋐,6,2325.0
2026-07-10,陽明,6,52.3
2026-07-10,萬海,6,79.4
2026-07-10,聯電,6,163.0
2026-07-10,長榮,6,194.5
2026-07-10,陽明,6,51.6
2026-07-10,萬海,6,80.4
2026-07-10,台積電,3,2415.0
2026-07-10,廣達,3,373.5
2026-07-10,長榮,6,194.5
2026-07-10,陽明,6,51.6
2026-07-10,萬海,6,80.4
2026-07-10,台積電,3,2415.0
2026-07-10,廣達,3,373.5
2026-07-10,長榮,6,194.5
2026-07-10,陽明,6,51.6
2026-07-10,萬海,6,80.4
2026-07-10,台積電,3,2415.0
2026-07-10,廣達,3,373.5
2026-07-10,長榮,6,194.5
2026-07-10,陽明,6,51.6
2026-07-10,萬海,6,80.4
2026-07-10,台積電,3,2415.0
2026-07-10,廣達,3,373.5
2026-07-10,長榮,6,194.5
2026-07-10,陽明,6,51.6
2026-07-10,萬海,6,80.4
2026-07-10,台積電,3,2415.0
2026-07-10,廣達,3,373.5
2026-07-10,長榮,6,194.5
2026-07-10,陽明,6,51.6
2026-07-10,萬海,6,80.4
2026-07-10,台積電,3,2415.0
2026-07-10,廣達,3,373.5
2026-07-10,長榮,6,194.5
2026-07-10,陽明,6,51.6
2026-07-10,萬海,6,80.4
2026-07-10,台積電,3,2415.0
2026-07-10,廣達,3,373.5
2026-07-11,長榮,6,194.5
2026-07-11,陽明,6,51.6
2026-07-11,萬海,6,80.4
2026-07-11,台積電,3,2415.0
2026-07-11,廣達,3,373.5
2026-07-11,長榮,6,194.5
2026-07-11,陽明,6,51.6
2026-07-11,萬海,6,80.4
2026-07-11,台積電,3,2415.0
2026-07-11,廣達,3,373.5
2026-07-11,長榮,6,194.5
2026-07-11,陽明,6,51.6
2026-07-11,萬海,6,80.4
2026-07-11,台積電,3,2415.0
2026-07-11,廣達,3,373.5
2026-07-11,長榮,6,194.5
2026-07-11,陽明,6,51.6
2026-07-11,萬海,6,80.4
2026-07-11,台積電,3,2415.0
2026-07-11,廣達,3,373.5
2026-07-11,長榮,6,194.5
2026-07-11,陽明,6,51.6
2026-07-11,萬海,6,80.4
2026-07-11,台積電,3,2415.0
2026-07-11,廣達,3,373.5
2026-07-11,長榮,6,194.5
2026-07-11,陽明,6,51.6
2026-07-11,萬海,6,80.4
2026-07-11,台積電,3,2415.0
2026-07-11,廣達,3,373.5
2026-07-11,長榮,6,194.5
2026-07-11,陽明,6,51.6
2026-07-11,萬海,6,80.4
2026-07-11,台積電,3,2415.0
2026-07-11,廣達,3,373.5
2026-07-11,長榮,6,194.5
2026-07-11,陽明,6,51.6
2026-07-11,萬海,6,80.4
2026-07-11,台積電,3,2415.0
2026-07-11,廣達,3,373.5
2026-07-11,長榮,6,194.5
2026-07-11,陽明,6,51.6
2026-07-11,萬海,6,80.4
2026-07-11,台積電,3,2415.0
2026-07-11,廣達,3,373.5
2026-07-11,長榮,6,194.5
2026-07-11,陽明,6,51.6
2026-07-11,萬海,6,80.4
2026-07-11,台積電,3,2415.0
2026-07-11,廣達,3,373.5
2026-07-11,長榮,6,194.5
2026-07-11,陽明,6,51.6
2026-07-11,萬海,6,80.4
2026-07-11,台積電,3,2415.0
2026-07-11,廣達,3,373.5
2026-07-11,長榮,6,194.5
2026-07-11,陽明,6,51.6
2026-07-11,萬海,6,80.4
2026-07-11,台積電,3,2415.0
2026-07-11,廣達,3,373.5
2026-07-11,長榮,6,194.5
2026-07-11,陽明,6,51.6
2026-07-11,萬海,6,80.4
2026-07-11,台積電,3,2415.0
2026-07-11,廣達,3,373.5
2026-07-11,長榮,6,194.5
2026-07-11,陽明,6,51.6
2026-07-11,萬海,6,80.4
2026-07-11,台積電,3,2415.0
2026-07-11,廣達,3,373.5
2026-07-11,長榮,6,194.5
2026-07-11,陽明,6,51.6
2026-07-11,萬海,6,80.4
2026-07-11,台積電,3,2415.0
2026-07-11,廣達,3,373.5
2026-07-11,長榮,6,194.5
2026-07-11,陽明,6,51.6
2026-07-11,萬海,6,80.4
2026-07-11,台積電,3,2415.0
2026-07-11,廣達,3,373.5
2026-07-12,長榮,6,194.5
2026-07-12,陽明,6,51.6
2026-07-12,萬海,6,80.4
2026-07-12,台積電,3,2415.0
2026-07-12,廣達,3,373.5
2026-07-12,長榮,6,194.5
2026-07-12,陽明,6,51.6
2026-07-12,萬海,6,80.4
2026-07-12,台積電,3,2415.0
2026-07-12,廣達,3,373.5
2026-07-12,長榮,6,194.5
2026-07-12,陽明,6,51.6
2026-07-12,萬海,6,80.4
2026-07-12,台積電,3,2415.0
2026-07-12,廣達,3,373.5
2026-07-12,長榮,6,194.5
2026-07-12,陽明,6,51.6
2026-07-12,萬海,6,80.4
2026-07-12,台積電,3,2415.0
2026-07-12,廣達,3,373.5
2026-07-12,長榮,6,194.5
2026-07-12,陽明,6,51.6
2026-07-12,萬海,6,80.4
2026-07-12,台積電,3,2415.0
2026-07-12,廣達,3,373.5
2026-07-12,長榮,6,194.5
2026-07-12,陽明,6,51.6
2026-07-12,萬海,6,80.4
2026-07-12,台積電,3,2415.0
2026-07-12,廣達,3,373.5
2026-07-12,長榮,6,194.5
2026-07-12,陽明,6,51.6
2026-07-12,萬海,6,80.4
2026-07-12,台積電,3,2415.0
2026-07-12,廣達,3,373.5
2026-07-12,長榮,6,194.5
2026-07-12,陽明,6,51.6
2026-07-12,萬海,6,80.4
2026-07-12,台積電,3,2415.0
2026-07-12,廣達,3,373.5
2026-07-12,長榮,6,194.5
2026-07-12,陽明,6,51.6
2026-07-12,萬海,6,80.4
2026-07-12,台積電,3,2415.0
2026-07-12,廣達,3,373.5
2026-07-12,長榮,6,194.5
2026-07-12,陽明,6,51.6
2026-07-12,萬海,6,80.4
2026-07-12,台積電,3,2415.0
2026-07-12,廣達,3,373.5
2026-07-12,長榮,6,194.5
2026-07-12,陽明,6,51.6
2026-07-12,萬海,6,80.4
2026-07-12,台積電,3,2415.0
2026-07-12,廣達,3,373.5
2026-07-12,長榮,6,194.5
2026-07-12,陽明,6,51.6
2026-07-12,萬海,6,80.4
2026-07-12,台積電,3,2415.0
2026-07-12,廣達,3,373.5
2026-07-12,長榮,6,194.5
2026-07-12,陽明,6,51.6
2026-07-12,萬海,6,80.4
2026-07-12,台積電,3,2415.0
2026-07-12,廣達,3,373.5
2026-07-12,長榮,6,194.5
2026-07-12,陽明,6,51.6
2026-07-12,萬海,6,80.4
2026-07-12,台積電,3,2415.0
2026-07-12,廣達,3,373.5
2026-07-12,長榮,6,194.5
2026-07-12,陽明,6,51.6
2026-07-12,萬海,6,80.4
2026-07-12,台積電,3,2415.0
2026-07-12,廣達,3,373.5
2026-07-12,長榮,6,194.5
2026-07-12,陽明,6,51.6
2026-07-12,萬海,6,80.4
2026-07-12,台積電,3,2415.0
2026-07-12,廣達,3,373.5
2026-07-12,長榮,6,194.5
2026-07-12,陽明,6,51.6
2026-07-12,萬海,6,80.4
2026-07-12,台積電,3,2415.0
2026-07-12,廣達,3,373.5
2026-07-13,長榮,6,194.5
2026-07-13,陽明,6,51.6
2026-07-13,萬海,6,80.4
2026-07-13,台積電,3,2415.0
2026-07-13,廣達,3,373.5
2026-07-13,長榮,6,194.5
2026-07-13,陽明,6,51.6
2026-07-13,萬海,6,80.4
2026-07-13,台積電,3,2415.0
2026-07-13,廣達,3,373.5
2026-07-13,長榮,6,194.5
2026-07-13,陽明,6,51.6
2026-07-13,萬海,6,80.4
2026-07-13,台積電,3,2415.0
2026-07-13,廣達,3,373.5
2026-07-13,長榮,6,194.5
2026-07-13,陽明,6,51.6
2026-07-13,萬海,6,80.4
2026-07-13,台積電,3,2415.0
2026-07-13,廣達,3,373.5
2026-07-13,長榮,6,194.5
2026-07-13,陽明,6,51.6
2026-07-13,萬海,6,80.4
2026-07-13,台積電,3,2415.0
2026-07-13,廣達,3,373.5
2026-07-13,長榮,6,194.5
2026-07-13,陽明,6,51.6
2026-07-13,萬海,6,80.4
2026-07-13,台積電,3,2415.0
2026-07-13,廣達,3,373.5
2026-07-13,長榮,6,194.5
2026-07-13,陽明,6,51.6
2026-07-13,萬海,6,80.4
2026-07-13,台積電,3,2415.0
2026-07-13,廣達,3,373.5
2026-07-13,長榮,6,194.5
2026-07-13,陽明,6,51.6
2026-07-13,萬海,6,80.4
2026-07-13,台積電,3,2415.0
2026-07-13,廣達,3,373.5
2026-07-13,長榮,6,194.5
2026-07-13,陽明,6,51.6
2026-07-13,萬海,6,80.4
2026-07-13,台積電,3,2415.0
2026-07-13,廣達,3,373.5
2026-07-13,長榮,6,195.0
2026-07-13,萬海,6,79.2
2026-07-13,台積電,3,2445.0
2026-07-13,廣達,3,377.5
2026-07-13,陽明,3,50.4
2026-07-13,台積電,6,2440.0
2026-07-13,長榮,6,195.0
2026-07-13,萬海,6,79.2
2026-07-13,廣達,3,378.0
2026-07-13,陽明,3,50.1
2026-07-13,台積電,6,2440.0
2026-07-13,長榮,6,195.0
2026-07-13,萬海,6,79.2
2026-07-13,廣達,3,378.0
2026-07-13,陽明,3,50.1
2026-07-13,台積電,6,2440.0
2026-07-13,長榮,6,195.0
2026-07-13,萬海,6,79.2
2026-07-13,廣達,3,378.0
2026-07-13,陽明,3,50.1
2026-07-14,長榮,6,194.5
2026-07-14,陽明,6,51.6
2026-07-14,萬海,6,80.4
2026-07-14,台積電,3,2415.0
2026-07-14,廣達,3,373.5
2026-07-14,長榮,6,194.5
2026-07-14,陽明,6,51.6
2026-07-14,萬海,6,80.4
2026-07-14,台積電,3,2415.0
2026-07-14,廣達,3,373.5
2026-07-14,長榮,6,194.5
2026-07-14,陽明,6,51.6
2026-07-14,萬海,6,80.4
2026-07-14,台積電,3,2415.0
2026-07-14,廣達,3,373.5
2026-07-14,長榮,6,194.5
2026-07-14,陽明,6,51.6
2026-07-14,萬海,6,80.4
2026-07-14,台積電,3,2415.0
2026-07-14,廣達,3,373.5
2026-07-14,長榮,6,195.0
2026-07-14,萬海,6,79.2
2026-07-14,台積電,3,2440.0
2026-07-14,廣達,3,378.0
2026-07-14,陽明,3,48.1
2026-07-14,長榮,6,195.0
2026-07-14,萬海,6,79.2
2026-07-14,台積電,3,2440.0
2026-07-14,廣達,3,378.0
2026-07-14,陽明,3,48.1
2026-07-14,長榮,6,195.0
2026-07-14,萬海,6,79.2
2026-07-14,台積電,3,2440.0
2026-07-14,廣達,3,378.0
2026-07-14,陽明,3,48.1
2026-07-14,長榮,6,192.5
2026-07-14,萬海,6,78.2
2026-07-14,聯發科,3,3570.0
2026-07-14,廣達,3,370.5
2026-07-14,台積電,0,2400.0
2026-07-14,長榮,9,194.5
2026-07-14,台積電,6,2420.0
2026-07-14,廣達,6,380.0
2026-07-14,萬海,6,79.4
2026-07-14,聯發科,3,3660.0
2026-07-14,長榮,9,194.5
2026-07-14,台積電,6,2420.0
2026-07-14,廣達,6,380.0
2026-07-14,萬海,6,79.4
2026-07-14,聯發科,3,3660.0
2026-07-14,長榮,9,194.5
2026-07-14,台積電,6,2420.0
2026-07-14,廣達,6,380.0
2026-07-14,萬海,6,79.4
2026-07-14,聯發科,3,3660.0
2026-07-14,長榮,9,194.5
2026-07-14,台積電,6,2420.0
2026-07-14,廣達,6,380.0
2026-07-14,萬海,6,79.4
2026-07-14,聯發科,3,3660.0
2026-07-14,長榮,9,194.5
2026-07-14,台積電,6,2420.0
2026-07-14,廣達,6,380.0
2026-07-14,萬海,6,79.4
2026-07-14,聯發科,3,3660.0
2026-07-14,長榮,9,194.5
2026-07-14,台積電,6,2420.0
2026-07-14,廣達,6,380.0
2026-07-14,萬海,6,79.4
2026-07-14,聯發科,3,3660.0
2026-07-15,長榮,6,195.0
2026-07-15,萬海,6,79.2
2026-07-15,台積電,3,2440.0
2026-07-15,廣達,3,378.0
2026-07-15,陽明,3,48.1
2026-07-15,長榮,6,195.0
2026-07-15,萬海,6,79.2
2026-07-15,台積電,3,2440.0
2026-07-15,廣達,3,378.0
2026-07-15,陽明,3,48.1
2026-07-15,長榮,6,195.0
2026-07-15,萬海,6,79.2
2026-07-15,台積電,3,2440.0
2026-07-15,廣達,3,378.0
2026-07-15,陽明,3,48.1
2026-07-15,長榮,6,195.0
2026-07-15,萬海,6,79.2
2026-07-15,台積電,3,2440.0
2026-07-15,廣達,3,378.0
2026-07-15,陽明,3,48.1
2026-07-15,長榮,6,195.0
2026-07-15,萬海,6,79.2
2026-07-15,台積電,3,2440.0
2026-07-15,廣達,3,378.0
2026-07-15,陽明,3,48.1
2026-07-15,長榮,9,194.5
2026-07-15,廣達,6,380.0
2026-07-15,萬海,6,79.4
2026-07-15,台積電,3,2420.0
2026-07-15,聯發科,3,3660.0
2026-07-15,長榮,9,194.5
2026-07-15,廣達,6,380.0
2026-07-15,萬海,6,79.4
2026-07-15,台積電,3,2420.0
2026-07-15,聯發科,3,3660.0
2026-07-15,長榮,9,194.5
2026-07-15,廣達,6,380.0
2026-07-15,萬海,6,79.4
2026-07-15,台積電,3,2420.0
2026-07-15,聯發科,3,3660.0
2026-07-15,長榮,9,196.5
2026-07-15,萬海,9,80.8
2026-07-15,廣達,6,380.5
2026-07-15,技嘉,6,341.0
2026-07-15,南亞科,3,476.0
2026-07-15,萬海,15,81.7
2026-07-15,長榮,12,199.5
2026-07-15,廣達,6,381.0
2026-07-15,技嘉,6,344.0
2026-07-15,南亞科,6,481.0
2026-07-15,萬海,15,81.7
2026-07-15,長榮,12,199.5
2026-07-15,廣達,6,381.0
2026-07-15,技嘉,6,344.0
2026-07-15,南亞科,6,481.0
2026-07-15,萬海,15,81.7
2026-07-15,長榮,12,199.5
2026-07-15,廣達,6,381.0
2026-07-15,技嘉,6,344.0
2026-07-15,南亞科,6,481.0
2026-07-15,萬海,15,81.7
2026-07-15,長榮,12,199.5
2026-07-15,廣達,6,381.0
2026-07-15,技嘉,6,344.0
2026-07-15,南亞科,6,481.0
2026-07-15,萬海,15,81.7
2026-07-15,長榮,12,199.5
2026-07-15,廣達,6,381.0
2026-07-15,技嘉,6,344.0
2026-07-15,南亞科,6,481.0
2026-07-15,萬海,15,81.7
2026-07-15,長榮,12,199.5
2026-07-15,廣達,6,381.0
2026-07-15,技嘉,6,344.0
2026-07-15,南亞科,6,481.0
2026-07-16,長榮,9,194.5
2026-07-16,廣達,6,380.0
2026-07-16,萬海,6,79.4
2026-07-16,台積電,3,2420.0
2026-07-16,聯發科,3,3660.0
2026-07-16,長榮,9,194.5
2026-07-16,廣達,6,380.0
2026-07-16,萬海,6,79.4
2026-07-16,台積電,3,2420.0
2026-07-16,聯發科,3,3660.0
2026-07-16,長榮,9,194.5
2026-07-16,廣達,6,380.0
2026-07-16,萬海,6,79.4
2026-07-16,台積電,3,2420.0
2026-07-16,聯發科,3,3660.0
2026-07-16,長榮,9,194.5
2026-07-16,廣達,6,380.0
2026-07-16,萬海,6,79.4
2026-07-16,台積電,3,2420.0
2026-07-16,聯發科,3,3660.0
2026-07-16,萬海,15,81.7
2026-07-16,長榮,12,199.5
2026-07-16,廣達,6,365.4
2026-07-16,技嘉,6,344.0
2026-07-16,南亞科,6,481.0
2026-07-16,萬海,15,81.7
2026-07-16,長榮,12,199.5
2026-07-16,廣達,6,365.4
2026-07-16,技嘉,6,344.0
2026-07-16,南亞科,6,481.0
2026-07-16,萬海,15,81.7
2026-07-16,長榮,12,199.5
2026-07-16,廣達,6,365.4
2026-07-16,技嘉,6,344.0
2026-07-16,南亞科,6,481.0
2026-07-16,萬海,15,81.7
2026-07-16,長榮,12,199.5
2026-07-16,廣達,6,365.4
2026-07-16,技嘉,6,344.0
2026-07-16,南亞科,6,481.0
2026-07-16,技嘉,9,338.5
2026-07-16,長榮,9,199.0
2026-07-16,萬海,9,80.8
2026-07-16,台積電,6,2460.0
2026-07-16,鴻海,3,243.5
2026-07-16,技嘉,9,337.0
2026-07-16,長榮,9,200.0
2026-07-16,萬海,9,80.7
2026-07-16,台積電,6,2470.0
2026-07-16,廣達,6,352.0
2026-07-16,技嘉,9,337.0
2026-07-16,長榮,9,200.0
2026-07-16,萬海,9,80.7
2026-07-16,台積電,6,2470.0
2026-07-16,廣達,6,352.0
2026-07-16,技嘉,9,337.0
2026-07-16,長榮,9,200.0
2026-07-16,萬海,9,80.7
2026-07-16,台積電,6,2470.0
2026-07-16,廣達,6,352.0
2026-07-16,技嘉,9,337.0
2026-07-16,長榮,9,200.0
2026-07-16,萬海,9,80.7
2026-07-16,台積電,6,2470.0
2026-07-16,廣達,6,352.0
2026-07-16,技嘉,9,337.0
2026-07-16,長榮,9,200.0
2026-07-16,萬海,9,80.7
2026-07-16,台積電,6,2470.0
2026-07-16,廣達,6,352.0
2026-07-17,萬海,15,81.7
2026-07-17,長榮,12,199.5
2026-07-17,廣達,6,365.4
2026-07-17,技嘉,6,344.0
2026-07-17,南亞科,6,481.0
2026-07-17,萬海,15,81.7
2026-07-17,長榮,12,199.5
2026-07-17,廣達,6,365.4
2026-07-17,技嘉,6,344.0
2026-07-17,南亞科,6,481.0
2026-07-17,萬海,15,81.7
2026-07-17,長榮,12,199.5
2026-07-17,廣達,6,365.4
2026-07-17,技嘉,6,344.0
2026-07-17,南亞科,6,481.0
2026-07-17,萬海,15,81.7
2026-07-17,長榮,12,199.5
2026-07-17,廣達,6,365.4
2026-07-17,技嘉,6,344.0
2026-07-17,南亞科,6,481.0
2026-07-17,萬海,15,81.7
2026-07-17,長榮,12,199.5
2026-07-17,廣達,6,365.4
2026-07-17,技嘉,6,344.0
2026-07-17,南亞科,6,481.0
2026-07-17,技嘉,9,337.0
2026-07-17,長榮,9,200.0
2026-07-17,萬海,9,80.7
2026-07-17,台積電,6,2470.0
2026-07-17,廣達,6,352.0
2026-07-17,技嘉,9,337.0
2026-07-17,長榮,9,200.0
2026-07-17,萬海,9,80.7
2026-07-17,台積電,6,2470.0
2026-07-17,廣達,6,352.0
2026-07-17,技嘉,9,337.0
2026-07-17,長榮,9,200.0
2026-07-17,萬海,9,80.7
2026-07-17,台積電,6,2470.0
2026-07-17,廣達,6,352.0
2026-07-17,長榮,9,200.0
2026-07-17,萬海,9,80.2
2026-07-17,台積電,3,2350.0
2026-07-17,鴻海,3,236.0
2026-07-17,技嘉,3,326.0
2026-07-17,長榮,12,198.0
2026-07-17,萬海,9,79.5
2026-07-17,技嘉,6,325.0
2026-07-17,台積電,3,2290.0
2026-07-17,鴻海,3,234.0
2026-07-17,長榮,12,198.0
2026-07-17,萬海,9,79.5
2026-07-17,技嘉,6,325.0
2026-07-17,台積電,3,2290.0
2026-07-17,鴻海,3,234.0
2026-07-17,長榮,12,198.0
2026-07-17,萬海,9,79.5
2026-07-17,技嘉,6,325.0
2026-07-17,台積電,3,2290.0
2026-07-17,鴻海,3,234.0
2026-07-17,長榮,12,198.0
2026-07-17,萬海,9,79.5
2026-07-17,技嘉,6,325.0
2026-07-17,台積電,3,2290.0
2026-07-17,鴻海,3,234.0
2026-07-17,長榮,12,198.0
2026-07-17,萬海,9,79.5
2026-07-17,技嘉,6,325.0
2026-07-17,台積電,3,2290.0
2026-07-17,鴻海,3,234.0
2026-07-17,長榮,12,198.0
2026-07-17,萬海,9,79.5
2026-07-17,技嘉,6,325.0
2026-07-17,台積電,3,2290.0
2026-07-17,鴻海,3,234.0
2026-07-18,技嘉,9,337.0
2026-07-18,長榮,9,200.0
2026-07-18,萬海,9,80.7
2026-07-18,台積電,6,2470.0
2026-07-18,廣達,6,352.0
2026-07-18,技嘉,9,337.0
2026-07-18,長榮,9,200.0
2026-07-18,萬海,9,80.7
2026-07-18,台積電,6,2470.0
2026-07-18,廣達,6,352.0
2026-07-18,技嘉,9,337.0
2026-07-18,長榮,9,200.0
2026-07-18,萬海,9,80.7
2026-07-18,台積電,6,2470.0
2026-07-18,廣達,6,352.0
2026-07-18,技嘉,9,337.0
2026-07-18,長榮,9,200.0
2026-07-18,萬海,9,80.7
2026-07-18,台積電,6,2470.0
2026-07-18,廣達,6,352.0
2026-07-18,技嘉,9,337.0
2026-07-18,長榮,9,200.0
2026-07-18,萬海,9,80.7
2026-07-18,台積電,6,2470.0
2026-07-18,廣達,6,352.0
2026-07-18,長榮,9,198.0
2026-07-18,萬海,9,79.5
2026-07-18,技嘉,6,325.0
2026-07-18,台積電,3,2290.0
2026-07-18,鴻海,3,234.0
2026-07-18,長榮,9,198.0
2026-07-18,萬海,9,79.5
2026-07-18,技嘉,6,325.0
2026-07-18,台積電,3,2290.0
2026-07-18,鴻海,3,234.0
2026-07-18,長榮,9,198.0
2026-07-18,萬海,9,79.5
2026-07-18,技嘉,6,325.0
2026-07-18,台積電,3,2290.0
2026-07-18,鴻海,3,234.0
2026-07-18,長榮,9,198.0
2026-07-18,萬海,9,79.5
2026-07-18,技嘉,6,325.0
2026-07-18,台積電,3,2290.0
2026-07-18,鴻海,3,234.0
2026-07-18,長榮,9,198.0
2026-07-18,萬海,9,79.5
2026-07-18,技嘉,6,325.0
2026-07-18,台積電,3,2290.0
2026-07-18,鴻海,3,234.0
2026-07-18,長榮,9,198.0
2026-07-18,萬海,9,79.5
2026-07-18,技嘉,6,325.0
2026-07-18,台積電,3,2290.0
2026-07-18,鴻海,3,234.0
2026-07-18,長榮,9,198.0
2026-07-18,萬海,9,79.5
2026-07-18,技嘉,6,325.0
2026-07-18,台積電,3,2290.0
2026-07-18,鴻海,3,234.0
2026-07-18,長榮,9,198.0
2026-07-18,萬海,9,79.5
2026-07-18,技嘉,6,325.0
2026-07-18,台積電,3,2290.0
2026-07-18,鴻海,3,234.0
2026-07-18,長榮,9,198.0
2026-07-18,萬海,9,79.5
2026-07-18,技嘉,6,325.0
2026-07-18,台積電,3,2290.0
2026-07-18,鴻海,3,234.0
2026-07-18,長榮,9,198.0
2026-07-18,萬海,9,79.5
2026-07-18,技嘉,6,325.0
2026-07-18,台積電,3,2290.0
2026-07-18,鴻海,3,234.0
2026-07-18,長榮,9,198.0
2026-07-18,萬海,9,79.5
2026-07-18,技嘉,6,325.0
2026-07-18,台積電,3,2290.0
2026-07-18,鴻海,3,234.0
2026-07-18,長榮,9,198.0
2026-07-18,萬海,9,79.5
2026-07-18,技嘉,6,325.0
2026-07-18,台積電,3,2290.0
2026-07-18,鴻海,3,234.0
2026-07-19,長榮,9,198.0
2026-07-19,萬海,9,79.5
2026-07-19,技嘉,6,325.0
2026-07-19,台積電,3,2290.0
2026-07-19,鴻海,3,234.0
2026-07-19,長榮,9,198.0
2026-07-19,萬海,9,79.5
2026-07-19,技嘉,6,325.0
2026-07-19,台積電,3,2290.0
2026-07-19,鴻海,3,234.0
2026-07-19,長榮,9,198.0
2026-07-19,萬海,9,79.5
2026-07-19,技嘉,6,325.0
2026-07-19,台積電,3,2290.0
2026-07-19,鴻海,3,234.0
2026-07-19,長榮,9,198.0
2026-07-19,萬海,9,79.5
2026-07-19,技嘉,6,325.0
2026-07-19,台積電,3,2290.0
2026-07-19,鴻海,3,234.0
2026-07-19,長榮,9,198.0
2026-07-19,萬海,9,79.5
2026-07-19,技嘉,6,325.0
2026-07-19,台積電,3,2290.0
2026-07-19,鴻海,3,234.0
2026-07-19,長榮,9,198.0
2026-07-19,萬海,9,79.5
2026-07-19,技嘉,6,325.0
2026-07-19,台積電,3,2290.0
2026-07-19,鴻海,3,234.0
2026-07-19,長榮,9,198.0
2026-07-19,萬海,9,79.5
2026-07-19,技嘉,6,325.0
2026-07-19,台積電,3,2290.0
2026-07-19,鴻海,3,234.0
2026-07-19,長榮,9,198.0
2026-07-19,萬海,9,79.5
2026-07-19,技嘉,6,325.0
2026-07-19,台積電,3,2290.0
2026-07-19,鴻海,3,234.0
2026-07-19,長榮,9,198.0
2026-07-19,萬海,9,79.5
2026-07-19,技嘉,6,325.0
2026-07-19,台積電,3,2290.0
2026-07-19,鴻海,3,234.0
2026-07-19,長榮,9,198.0
2026-07-19,萬海,9,79.5
2026-07-19,技嘉,6,325.0
2026-07-19,台積電,3,2290.0
2026-07-19,鴻海,3,234.0
2026-07-19,長榮,9,198.0
2026-07-19,萬海,9,79.5
2026-07-19,技嘉,6,325.0
2026-07-19,台積電,3,2290.0
2026-07-19,鴻海,3,234.0
2026-07-19,長榮,9,198.0
2026-07-19,萬海,9,79.5
2026-07-19,技嘉,6,325.0
2026-07-19,台積電,3,2290.0
2026-07-19,鴻海,3,234.0
2026-07-19,長榮,9,198.0
2026-07-19,萬海,9,79.5
2026-07-19,技嘉,6,325.0
2026-07-19,台積電,3,2290.0
2026-07-19,鴻海,3,234.0
2026-07-19,長榮,9,198.0
2026-07-19,萬海,9,79.5
2026-07-19,技嘉,6,325.0
2026-07-19,台積電,3,2290.0
2026-07-19,鴻海,3,234.0
2026-07-19,長榮,9,198.0
2026-07-19,萬海,9,79.5
2026-07-19,技嘉,6,325.0
2026-07-19,台積電,3,2290.0
2026-07-19,鴻海,3,234.0
2026-07-19,長榮,9,198.0
2026-07-19,萬海,9,79.5
2026-07-19,技嘉,6,325.0
2026-07-19,台積電,3,2290.0
2026-07-19,鴻海,3,234.0
2026-07-19,長榮,9,198.0
2026-07-19,萬海,9,79.5
2026-07-19,技嘉,6,325.0
2026-07-19,台積電,3,2290.0
2026-07-19,鴻海,3,234.0
2026-07-20,長榮,9,198.0
2026-07-20,萬海,9,79.5
2026-07-20,技嘉,6,325.0
2026-07-20,台積電,3,2290.0
2026-07-20,鴻海,3,234.0
2026-07-20,長榮,9,198.0
2026-07-20,萬海,9,79.5
2026-07-20,技嘉,6,325.0
2026-07-20,台積電,3,2290.0
2026-07-20,鴻海,3,234.0
2026-07-20,長榮,9,198.0
2026-07-20,萬海,9,79.5
2026-07-20,技嘉,6,325.0
2026-07-20,台積電,3,2290.0
2026-07-20,鴻海,3,234.0
2026-07-20,長榮,9,198.0
2026-07-20,萬海,9,79.5
2026-07-20,技嘉,6,325.0
2026-07-20,台積電,3,2290.0
2026-07-20,鴻海,3,234.0
2026-07-20,長榮,9,198.0
2026-07-20,萬海,9,79.5
2026-07-20,技嘉,6,325.0
2026-07-20,台積電,3,2290.0
2026-07-20,鴻海,3,234.0
2026-07-20,長榮,9,198.0
2026-07-20,萬海,9,79.5
2026-07-20,技嘉,6,325.0
2026-07-20,台積電,3,2290.0
2026-07-20,鴻海,3,234.0
2026-07-20,長榮,9,198.0
2026-07-20,萬海,9,79.5
2026-07-20,技嘉,6,325.0
2026-07-20,台積電,3,2290.0
2026-07-20,鴻海,3,234.0
2026-07-20,長榮,9,198.0
2026-07-20,萬海,9,79.5
2026-07-20,技嘉,6,325.0
2026-07-20,台積電,3,2290.0
2026-07-20,鴻海,3,234.0
2026-07-20,長榮,9,198.0
2026-07-20,萬海,9,79.5
2026-07-20,技嘉,6,325.0
2026-07-20,台積電,3,2290.0
2026-07-20,鴻海,3,234.0
2026-07-20,長榮,9,198.0
2026-07-20,萬海,9,80.7
2026-07-20,鴻海,3,237.0
2026-07-20,技嘉,3,334.0
2026-07-20,8996.TW,3,975.0
2026-07-20,長榮,9,196.0
2026-07-20,萬海,9,80.5
2026-07-20,8996.TW,3,971.0
2026-07-20,聯電,3,130.0
2026-07-20,台積電,0,2320.0
2026-07-20,長榮,9,196.0
2026-07-20,萬海,9,80.5
2026-07-20,8996.TW,3,971.0
2026-07-20,聯電,3,130.0
2026-07-20,台積電,0,2320.0
2026-07-20,長榮,9,196.0
2026-07-20,萬海,9,80.5
2026-07-20,8996.TW,3,971.0
2026-07-20,聯電,3,130.0
2026-07-20,台積電,0,2320.0
2026-07-20,長榮,9,196.0
2026-07-20,萬海,9,80.5
2026-07-20,8996.TW,3,971.0
2026-07-20,聯電,3,130.0
2026-07-20,台積電,0,2320.0
2026-07-21,長榮,9,198.0
2026-07-21,萬海,9,79.5
2026-07-21,技嘉,6,325.0
2026-07-21,台積電,3,2290.0
2026-07-21,鴻海,3,234.0
2026-07-21,長榮,9,198.0
2026-07-21,萬海,9,79.5
2026-07-21,技嘉,6,325.0
2026-07-21,台積電,3,2290.0
2026-07-21,鴻海,3,234.0
2026-07-21,長榮,9,198.0
2026-07-21,萬海,9,79.5
2026-07-21,技嘉,6,325.0
2026-07-21,台積電,3,2290.0
2026-07-21,鴻海,3,234.0
2026-07-21,長榮,9,196.0
2026-07-21,萬海,9,80.5
2026-07-21,8996.TW,3,971.0
2026-07-21,聯電,3,130.0
2026-07-21,台積電,0,2320.0
2026-07-21,長榮,9,196.0
2026-07-21,萬海,9,80.5
2026-07-21,8996.TW,3,971.0
2026-07-21,聯電,3,130.0
2026-07-21,台積電,0,2320.0
2026-07-21,長榮,9,196.0
2026-07-21,萬海,9,80.5
2026-07-21,8996.TW,3,971.0
2026-07-21,聯電,3,130.0
2026-07-21,台積電,0,2320.0
2026-07-21,長榮,9,196.0
2026-07-21,萬海,9,80.5
2026-07-21,8996.TW,3,971.0
2026-07-21,聯電,3,130.0
2026-07-21,台積電,0,2320.0
2026-07-21,萬海,15,84.4
2026-07-21,長榮,12,204.5
2026-07-21,技嘉,6,339.5
2026-07-21,陽明,6,50.8
2026-07-21,鴻海,3,246.5
2026-07-21,萬海,15,85.2
2026-07-21,長榮,12,203.0
2026-07-21,陽明,9,50.9
2026-07-21,技嘉,6,341.0
2026-07-21,鴻海,3,246.0
2026-07-21,萬海,15,85.2
2026-07-21,長榮,12,203.0
2026-07-21,陽明,9,50.9
2026-07-21,技嘉,6,341.0
2026-07-21,鴻海,3,246.0
2026-07-21,萬海,15,85.2
2026-07-21,長榮,12,203.0
2026-07-21,陽明,9,50.9
2026-07-21,技嘉,6,341.0
2026-07-21,鴻海,3,246.0
2026-07-21,萬海,15,85.2
2026-07-21,長榮,12,203.0
2026-07-21,陽明,9,50.9
2026-07-21,技嘉,6,341.0
2026-07-21,鴻海,3,246.0
2026-07-21,萬海,15,85.2
2026-07-21,長榮,12,203.0
2026-07-21,陽明,9,50.9
2026-07-21,技嘉,6,341.0
2026-07-21,鴻海,3,246.0
2026-07-22,長榮,9,196.0
2026-07-22,萬海,9,80.5
2026-07-22,8996.TW,3,971.0
2026-07-22,聯電,3,130.0
2026-07-22,台積電,0,2320.0
2026-07-22,長榮,9,196.0
2026-07-22,萬海,9,80.5
2026-07-22,8996.TW,3,971.0
2026-07-22,聯電,3,130.0
2026-07-22,台積電,0,2320.0
2026-07-22,長榮,9,196.0
2026-07-22,萬海,9,80.5
2026-07-22,8996.TW,3,971.0
2026-07-22,聯電,3,130.0
2026-07-22,台積電,0,2320.0
2026-07-22,長榮,9,196.0
2026-07-22,萬海,9,80.5
2026-07-22,8996.TW,3,971.0
2026-07-22,聯電,3,130.0
2026-07-22,台積電,0,2320.0
2026-07-22,萬海,15,85.2
2026-07-22,長榮,12,203.0
2026-07-22,陽明,9,50.9
2026-07-22,技嘉,6,341.0
2026-07-22,鴻海,3,246.0
2026-07-22,萬海,15,85.2
2026-07-22,長榮,12,203.0
2026-07-22,陽明,9,50.9
2026-07-22,技嘉,6,341.0
2026-07-22,鴻海,3,246.0
2026-07-22,萬海,15,85.2
2026-07-22,長榮,12,203.0
2026-07-22,陽明,9,50.9
2026-07-22,技嘉,6,341.0
2026-07-22,鴻海,3,246.0
2026-07-22,緯創,12,164.0
2026-07-22,長榮,12,207.0
2026-07-22,鴻海,9,253.0
2026-07-22,萬海,9,85.6
2026-07-22,技嘉,6,346.5
2026-07-22,緯創,12,164.0
2026-07-22,鴻海,9,251.5
2026-07-22,長榮,9,206.0
2026-07-22,萬海,9,85.1
2026-07-22,技嘉,6,348.0
2026-07-22,緯創,12,164.0
2026-07-22,鴻海,9,251.5
2026-07-22,長榮,9,206.0
2026-07-22,萬海,9,85.1
2026-07-22,技嘉,6,348.0
2026-07-22,緯創,12,164.0
2026-07-22,鴻海,9,251.5
2026-07-22,長榮,9,206.0
2026-07-22,萬海,9,85.1
2026-07-22,技嘉,6,348.0
2026-07-22,緯創,12,164.0
2026-07-22,鴻海,9,251.5
2026-07-22,長榮,9,206.0
2026-07-22,萬海,9,85.1
2026-07-22,技嘉,6,348.0
2026-07-22,緯創,12,164.0
2026-07-22,鴻海,9,251.5
2026-07-22,長榮,9,206.0
2026-07-22,萬海,9,85.1
2026-07-22,技嘉,6,348.0
2026-07-23,萬海,15,85.2
2026-07-23,長榮,12,203.0
2026-07-23,陽明,9,50.9
2026-07-23,技嘉,6,341.0
2026-07-23,鴻海,3,246.0
2026-07-23,萬海,15,85.2
2026-07-23,長榮,12,203.0
2026-07-23,陽明,9,50.9
2026-07-23,技嘉,6,341.0
2026-07-23,鴻海,3,246.0
2026-07-23,萬海,15,85.2
2026-07-23,長榮,12,203.0
2026-07-23,陽明,9,50.9
2026-07-23,技嘉,6,341.0
2026-07-23,鴻海,3,246.0
2026-07-23,萬海,15,85.2
2026-07-23,長榮,12,203.0
2026-07-23,陽明,9,50.9
2026-07-23,技嘉,6,341.0
2026-07-23,鴻海,3,246.0
2026-07-23,緯創,12,164.0
2026-07-23,鴻海,9,251.5
2026-07-23,長榮,9,206.0
2026-07-23,萬海,9,85.1
2026-07-23,技嘉,6,348.0
2026-07-23,緯創,12,164.0
2026-07-23,鴻海,9,251.5
2026-07-23,長榮,9,206.0
2026-07-23,萬海,9,85.1
2026-07-23,技嘉,6,348.0
2026-07-23,緯創,12,164.0
2026-07-23,鴻海,9,251.5
2026-07-23,長榮,9,206.0
2026-07-23,萬海,9,85.1
2026-07-23,技嘉,6,348.0
2026-07-23,緯創,12,164.0
2026-07-23,鴻海,9,251.5
2026-07-23,長榮,9,206.0
2026-07-23,萬海,9,85.1
2026-07-23,技嘉,6,348.0
2026-07-23,緯創,15,171.5
2026-07-23,鴻海,9,254.5
2026-07-23,長榮,9,203.5
2026-07-23,萬海,9,84.4
2026-07-23,中鋼,9,19.05
2026-07-23,緯創,15,173.5
2026-07-23,鴻海,9,257.5
2026-07-23,技嘉,9,354.5
2026-07-23,長榮,9,203.5
2026-07-23,萬海,9,84.5
2026-07-23,緯創,15,173.5
2026-07-23,鴻海,9,257.5
2026-07-23,技嘉,9,354.5
2026-07-23,長榮,9,203.5
2026-07-23,萬海,9,84.5
2026-07-23,緯創,15,173.5
2026-07-23,鴻海,9,257.5
2026-07-23,技嘉,9,354.5
2026-07-23,長榮,9,203.5
2026-07-23,萬海,9,84.5
2026-07-23,緯創,15,173.5
2026-07-23,鴻海,9,257.5
2026-07-23,技嘉,9,354.5
2026-07-23,長榮,9,203.5
2026-07-23,萬海,9,84.5
2026-07-23,緯創,15,173.5
2026-07-23,鴻海,9,257.5
2026-07-23,技嘉,9,354.5
2026-07-23,長榮,9,203.5
2026-07-23,萬海,9,84.5
2026-07-24,緯創,12,164.0
2026-07-24,鴻海,9,251.5
2026-07-24,長榮,9,206.0
2026-07-24,萬海,9,85.1
2026-07-24,技嘉,6,348.0
2026-07-24,緯創,12,164.0
2026-07-24,鴻海,9,251.5
2026-07-24,長榮,9,206.0
2026-07-24,萬海,9,85.1
2026-07-24,技嘉,6,348.0
2026-07-24,緯創,12,164.0
2026-07-24,鴻海,9,251.5
2026-07-24,長榮,9,206.0
2026-07-24,萬海,9,85.1
2026-07-24,技嘉,6,348.0
2026-07-24,緯創,15,173.5
2026-07-24,鴻海,9,257.5
2026-07-24,技嘉,9,354.5
2026-07-24,長榮,9,203.5
2026-07-24,萬海,9,84.5
2026-07-24,緯創,15,173.5
2026-07-24,鴻海,9,257.5
2026-07-24,技嘉,9,354.5
2026-07-24,長榮,9,203.5
2026-07-24,萬海,9,84.5
2026-07-24,緯創,15,173.5
2026-07-24,鴻海,9,257.5
2026-07-24,技嘉,9,354.5
2026-07-24,長榮,9,203.5
2026-07-24,萬海,9,84.5
2026-07-24,緯創,15,173.5
2026-07-24,鴻海,9,257.5
2026-07-24,技嘉,9,354.5
2026-07-24,長榮,9,203.5
2026-07-24,萬海,9,84.5
2026-07-24,緯創,9,179.0
2026-07-24,長榮,9,205.5
2026-07-24,萬海,9,86.7
2026-07-24,鴻海,6,252.0
2026-07-24,技嘉,6,352.5
2026-07-24,緯創,12,179.0
2026-07-24,鴻海,9,252.5
2026-07-24,技嘉,9,354.5
2026-07-24,長榮,9,206.0
2026-07-24,萬海,9,87.0
2026-07-24,緯創,12,179.0
2026-07-24,鴻海,9,252.5
2026-07-24,技嘉,9,354.5
2026-07-24,長榮,9,206.0
2026-07-24,萬海,9,87.0
2026-07-24,緯創,12,179.0
2026-07-24,鴻海,9,252.5
2026-07-24,技嘉,9,354.5
2026-07-24,長榮,9,206.0
2026-07-24,萬海,9,87.0
2026-07-24,緯創,12,179.0
2026-07-24,鴻海,9,252.5
2026-07-24,技嘉,9,354.5
2026-07-24,長榮,9,206.0
2026-07-24,萬海,9,87.0
2026-07-24,緯創,12,179.0
2026-07-24,鴻海,9,252.5
2026-07-24,技嘉,9,354.5
2026-07-24,長榮,9,206.0
2026-07-24,萬海,9,87.0
2026-07-25,緯創,15,173.5
2026-07-25,鴻海,9,257.5
2026-07-25,技嘉,9,354.5
2026-07-25,長榮,9,203.5
2026-07-25,萬海,9,84.5
2026-07-25,緯創,15,173.5
2026-07-25,鴻海,9,257.5
2026-07-25,技嘉,9,354.5
2026-07-25,長榮,9,203.5
2026-07-25,萬海,9,84.5
2026-07-25,緯創,15,173.5
2026-07-25,鴻海,9,257.5
2026-07-25,技嘉,9,354.5
2026-07-25,長榮,9,203.5
2026-07-25,萬海,9,84.5
2026-07-25,緯創,15,173.5
2026-07-25,鴻海,9,257.5
2026-07-25,技嘉,9,354.5
2026-07-25,長榮,9,203.5
2026-07-25,萬海,9,84.5
2026-07-25,緯創,12,179.0
2026-07-25,鴻海,9,252.5
2026-07-25,技嘉,9,354.5
2026-07-25,長榮,9,206.0
2026-07-25,萬海,9,87.0
2026-07-25,緯創,12,179.0
2026-07-25,鴻海,9,252.5
2026-07-25,技嘉,9,354.5
2026-07-25,長榮,9,206.0
2026-07-25,萬海,9,87.0
2026-07-25,緯創,12,179.0
2026-07-25,鴻海,9,252.5
2026-07-25,技嘉,9,354.5
2026-07-25,長榮,9,206.0
2026-07-25,萬海,9,87.0
2026-07-25,緯創,12,179.0
2026-07-25,鴻海,9,252.5
2026-07-25,技嘉,9,354.5
2026-07-25,長榮,9,206.0
2026-07-25,萬海,9,87.0
2026-07-25,緯創,12,179.0
2026-07-25,鴻海,9,252.5
2026-07-25,技嘉,9,354.5
2026-07-25,長榮,9,206.0
2026-07-25,萬海,9,87.0
2026-07-25,緯創,12,179.0
2026-07-25,鴻海,9,252.5
2026-07-25,技嘉,9,354.5
2026-07-25,長榮,9,206.0
2026-07-25,萬海,9,87.0
2026-07-25,緯創,12,179.0
2026-07-25,鴻海,9,252.5
2026-07-25,技嘉,9,354.5
2026-07-25,長榮,9,206.0
2026-07-25,萬海,9,87.0
2026-07-25,緯創,12,179.0
2026-07-25,鴻海,9,252.5
2026-07-25,技嘉,9,354.5
2026-07-25,長榮,9,206.0
2026-07-25,萬海,9,87.0
2026-07-25,緯創,12,179.0
2026-07-25,鴻海,9,252.5
2026-07-25,技嘉,9,354.5
2026-07-25,長榮,9,206.0
2026-07-25,萬海,9,87.0
2026-07-25,緯創,12,179.0
2026-07-25,鴻海,9,252.5
2026-07-25,技嘉,9,354.5
2026-07-25,長榮,9,206.0
2026-07-25,萬海,9,87.0
2026-07-25,緯創,12,179.0
2026-07-25,鴻海,9,252.5
2026-07-25,技嘉,9,354.5
2026-07-25,長榮,9,206.0
2026-07-25,萬海,9,87.0
2026-07-26,緯創,12,179.0
2026-07-26,鴻海,9,252.5
2026-07-26,技嘉,9,354.5
2026-07-26,長榮,9,206.0
2026-07-26,萬海,9,87.0
2026-07-26,緯創,12,179.0
2026-07-26,鴻海,9,252.5
2026-07-26,技嘉,9,354.5
2026-07-26,長榮,9,206.0
2026-07-26,萬海,9,87.0
2026-07-26,緯創,12,179.0
2026-07-26,鴻海,9,252.5
2026-07-26,技嘉,9,354.5
2026-07-26,長榮,9,206.0
2026-07-26,萬海,9,87.0
2026-07-26,緯創,12,179.0
2026-07-26,鴻海,9,252.5
2026-07-26,技嘉,9,354.5
2026-07-26,長榮,9,206.0
2026-07-26,萬海,9,87.0
2026-07-26,緯創,12,179.0
2026-07-26,鴻海,9,252.5
2026-07-26,技嘉,9,354.5
2026-07-26,長榮,9,206.0
2026-07-26,萬海,9,87.0
2026-07-26,緯創,12,179.0
2026-07-26,鴻海,9,252.5
2026-07-26,技嘉,9,354.5
2026-07-26,長榮,9,206.0
2026-07-26,萬海,9,87.0
2026-07-26,緯創,12,179.0
2026-07-26,鴻海,9,252.5
2026-07-26,技嘉,9,354.5
2026-07-26,長榮,9,206.0
2026-07-26,萬海,9,87.0
2026-07-26,緯創,12,179.0
2026-07-26,鴻海,9,252.5
2026-07-26,技嘉,9,354.5
2026-07-26,長榮,9,206.0
2026-07-26,萬海,9,87.0
2026-07-26,緯創,12,179.0
2026-07-26,鴻海,9,252.5
2026-07-26,技嘉,9,354.5
2026-07-26,長榮,9,206.0
2026-07-26,萬海,9,87.0
2026-07-26,緯創,12,179.0
2026-07-26,鴻海,9,252.5
2026-07-26,技嘉,9,354.5
2026-07-26,長榮,9,206.0
2026-07-26,萬海,9,87.0
2026-07-26,緯創,12,179.0
2026-07-26,鴻海,9,252.5
2026-07-26,技嘉,9,354.5
2026-07-26,長榮,9,206.0
2026-07-26,萬海,9,87.0
2026-07-26,緯創,12,179.0
2026-07-26,鴻海,9,252.5
2026-07-26,技嘉,9,354.5
2026-07-26,長榮,9,206.0
2026-07-26,萬海,9,87.0
2026-07-26,緯創,12,179.0
2026-07-26,鴻海,9,252.5
2026-07-26,技嘉,9,354.5
2026-07-26,長榮,9,206.0
2026-07-26,萬海,9,87.0
2026-07-26,緯創,12,179.0
2026-07-26,鴻海,9,252.5
2026-07-26,技嘉,9,354.5
2026-07-26,長榮,9,206.0
2026-07-26,萬海,9,87.0
2026-07-26,緯創,12,179.0
2026-07-26,鴻海,9,252.5
2026-07-26,技嘉,9,354.5
2026-07-26,長榮,9,206.0
2026-07-26,萬海,9,87.0
2026-07-27,緯創,12,179.0
2026-07-27,鴻海,9,252.5
2026-07-27,技嘉,9,354.5
2026-07-27,長榮,9,206.0
2026-07-27,萬海,9,87.0
2026-07-27,緯創,12,179.0
2026-07-27,鴻海,9,252.5
2026-07-27,技嘉,9,354.5
2026-07-27,長榮,9,206.0
2026-07-27,萬海,9,87.0
2026-07-27,緯創,12,179.0
2026-07-27,鴻海,9,252.5
2026-07-27,技嘉,9,354.5
2026-07-27,長榮,9,206.0
2026-07-27,萬海,9,87.0
2026-07-27,緯創,12,179.0
2026-07-27,鴻海,9,252.5
2026-07-27,技嘉,9,354.5
2026-07-27,長榮,9,206.0
2026-07-27,萬海,9,87.0
2026-07-27,緯創,12,179.0
2026-07-27,鴻海,9,252.5
2026-07-27,技嘉,9,354.5
2026-07-27,長榮,9,206.0
2026-07-27,萬海,9,87.0
2026-07-27,緯創,12,179.0
2026-07-27,鴻海,9,252.5
2026-07-27,技嘉,9,354.5
2026-07-27,長榮,9,206.0
2026-07-27,萬海,9,87.0
2026-07-27,緯創,12,179.0
2026-07-27,鴻海,9,252.5
2026-07-27,技嘉,9,354.5
2026-07-27,長榮,9,206.0
2026-07-27,萬海,9,87.0
2026-07-27,緯創,12,179.0
2026-07-27,鴻海,9,252.5
2026-07-27,技嘉,9,354.5
2026-07-27,長榮,9,206.0
2026-07-27,萬海,9,87.0
2026-07-27,鴻海,9,253.0
2026-07-27,緯創,9,178.0
2026-07-27,技嘉,9,351.5
2026-07-27,長榮,9,205.0
2026-07-27,萬海,9,84.3
2026-07-27,鴻海,9,248.5
2026-07-27,緯創,9,173.5
2026-07-27,技嘉,9,346.5
2026-07-27,長榮,9,203.5
2026-07-27,萬海,9,83.8
2026-07-27,鴻海,9,253.0
2026-07-27,緯創,9,177.0
2026-07-27,技嘉,9,349.5
2026-07-27,長榮,9,203.5
2026-07-27,萬海,9,84.0
2026-07-27,鴻海,9,253.0
2026-07-27,緯創,9,177.0
2026-07-27,技嘉,9,349.5
2026-07-27,長榮,9,203.5
2026-07-27,萬海,9,84.0
2026-07-27,鴻海,9,253.0
2026-07-27,緯創,9,177.0
2026-07-27,技嘉,9,349.5
2026-07-27,長榮,9,203.5
2026-07-27,萬海,9,84.0
2026-07-28,緯創,12,179.0
2026-07-28,鴻海,9,252.5
2026-07-28,技嘉,9,354.5
2026-07-28,長榮,9,206.0
2026-07-28,萬海,9,87.0
2026-07-28,緯創,12,179.0
2026-07-28,鴻海,9,252.5
2026-07-28,技嘉,9,354.5
2026-07-28,長榮,9,206.0
2026-07-28,萬海,9,87.0
2026-07-28,緯創,12,179.0
2026-07-28,鴻海,9,252.5
2026-07-28,技嘉,9,354.5
2026-07-28,長榮,9,206.0
2026-07-28,萬海,9,87.0
2026-07-28,緯創,12,179.0
2026-07-28,鴻海,9,252.5
2026-07-28,技嘉,9,354.5
2026-07-28,長榮,9,206.0
2026-07-28,萬海,9,87.0
2026-07-28,鴻海,9,253.0
2026-07-28,緯創,9,177.0
2026-07-28,技嘉,9,349.5
2026-07-28,長榮,9,203.5
2026-07-28,萬海,9,84.0
2026-07-28,鴻海,9,253.0
2026-07-28,緯創,9,177.0
2026-07-28,技嘉,9,349.5
2026-07-28,長榮,9,203.5
2026-07-28,萬海,9,84.0
2026-07-28,鴻海,9,253.0
2026-07-28,緯創,9,177.0
2026-07-28,技嘉,9,349.5
2026-07-28,長榮,9,203.5
2026-07-28,萬海,9,84.0
2026-07-28,緯創,9,172.0
2026-07-28,萬海,9,84.1
2026-07-28,中鋼,9,19.05
2026-07-28,鴻海,6,242.5
2026-07-28,技嘉,6,329.5
2026-07-28,緯創,9,170.0
2026-07-28,萬海,9,83.6
2026-07-28,中鋼,9,19.0
2026-07-28,鴻海,6,238.0
2026-07-28,技嘉,6,327.0
2026-07-28,緯創,9,170.0
2026-07-28,萬海,9,83.6
2026-07-28,中鋼,9,19.0
2026-07-28,鴻海,6,238.0
2026-07-28,技嘉,6,327.0
2026-07-28,緯創,9,170.0
2026-07-28,萬海,9,83.6
2026-07-28,中鋼,9,19.0
2026-07-28,鴻海,6,238.0
2026-07-28,技嘉,6,327.0
2026-07-28,緯創,9,170.0
2026-07-28,萬海,9,83.6
2026-07-28,中鋼,9,19.0
2026-07-28,鴻海,6,238.0
2026-07-28,技嘉,6,327.0
2026-07-29,鴻海,9,253.0
2026-07-29,緯創,9,177.0
2026-07-29,技嘉,9,349.5
2026-07-29,長榮,9,203.5
2026-07-29,萬海,9,84.0
2026-07-29,鴻海,9,253.0
2026-07-29,緯創,9,177.0
2026-07-29,技嘉,9,349.5
2026-07-29,長榮,9,203.5
2026-07-29,萬海,9,84.0
2026-07-29,鴻海,9,253.0
2026-07-29,緯創,9,177.0
2026-07-29,技嘉,9,349.5
2026-07-29,長榮,9,203.5
2026-07-29,萬海,9,84.0
2026-07-29,鴻海,9,253.0
2026-07-29,緯創,9,177.0
2026-07-29,技嘉,9,349.5
2026-07-29,長榮,9,203.5
2026-07-29,萬海,9,84.0
2026-07-29,緯創,9,170.0
2026-07-29,萬海,9,83.6
2026-07-29,中鋼,9,19.0
2026-07-29,鴻海,6,238.0
2026-07-29,技嘉,6,327.0
2026-07-29,緯創,9,170.0
2026-07-29,萬海,9,83.6
2026-07-29,中鋼,9,19.0
2026-07-29,鴻海,6,238.0
2026-07-29,技嘉,6,327.0
2026-07-29,緯創,9,170.0
2026-07-29,萬海,9,83.6
2026-07-29,中鋼,9,19.0
2026-07-29,鴻海,6,238.0
2026-07-29,技嘉,6,327.0
2026-07-29,緯創,9,170.0
2026-07-29,萬海,9,83.6
2026-07-29,中鋼,9,19.0
2026-07-29,鴻海,6,238.0
2026-07-29,技嘉,6,327.0
2026-07-29,緯創,9,165.5
2026-07-29,萬海,9,84.2
2026-07-29,鴻海,6,232.5
2026-07-29,長榮,6,199.0
2026-07-29,陽明,6,49.7
2026-07-29,長榮,12,201.5
2026-07-29,鴻海,9,237.0
2026-07-29,緯創,9,169.5
2026-07-29,萬海,9,85.0
2026-07-29,中鋼,9,18.95
2026-07-29,長榮,12,201.5
2026-07-29,鴻海,9,237.0
2026-07-29,緯創,9,169.5
2026-07-29,萬海,9,85.0
2026-07-29,中鋼,9,18.95
2026-07-29,長榮,12,201.5
2026-07-29,鴻海,9,237.0
2026-07-29,緯創,9,169.5
2026-07-29,萬海,9,85.0
2026-07-29,中鋼,9,18.95
2026-07-29,長榮,12,201.5
2026-07-29,鴻海,9,237.0
2026-07-29,緯創,9,169.5
2026-07-29,萬海,9,85.0
2026-07-29,中鋼,9,18.95
2026-07-30,緯創,9,170.0
2026-07-30,萬海,9,83.6
2026-07-30,中鋼,9,19.0
2026-07-30,鴻海,6,238.0
2026-07-30,技嘉,6,327.0
2026-07-30,緯創,9,170.0
2026-07-30,萬海,9,83.6
2026-07-30,中鋼,9,19.0
2026-07-30,鴻海,6,238.0
2026-07-30,技嘉,6,327.0
2026-07-30,緯創,9,170.0
2026-07-30,萬海,9,83.6
2026-07-30,中鋼,9,19.0
2026-07-30,鴻海,6,238.0
2026-07-30,技嘉,6,327.0
2026-07-30,緯創,9,170.0
2026-07-30,萬海,9,83.6
2026-07-30,中鋼,9,19.0
2026-07-30,鴻海,6,238.0
2026-07-30,技嘉,6,327.0
2026-07-30,緯創,9,170.0
2026-07-30,萬海,9,83.6
2026-07-30,中鋼,9,19.0
2026-07-30,鴻海,6,238.0
2026-07-30,技嘉,6,327.0
2026-07-30,長榮,12,201.5
2026-07-30,鴻海,9,237.0
2026-07-30,緯創,9,169.5
2026-07-30,萬海,9,85.0
2026-07-30,中鋼,9,18.95
2026-07-30,長榮,12,201.5
2026-07-30,鴻海,9,237.0
2026-07-30,緯創,9,169.5
2026-07-30,萬海,9,85.0
2026-07-30,中鋼,9,18.95
2026-07-30,長榮,12,201.5
2026-07-30,鴻海,9,237.0
2026-07-30,緯創,9,169.5
2026-07-30,萬海,9,85.0
2026-07-30,中鋼,9,18.95
2026-07-30,緯創,9,160.5
2026-07-30,中鋼,9,18.9
2026-07-30,長榮,6,201.0
2026-07-30,陽明,6,50.0
2026-07-30,萬海,6,84.2
2026-07-30,緯創,9,160.0
2026-07-30,中鋼,9,18.95
2026-07-30,長榮,6,201.0
2026-07-30,陽明,6,50.0
2026-07-30,萬海,6,84.4
2026-07-30,緯創,9,160.0
2026-07-30,中鋼,9,18.95
2026-07-30,長榮,6,201.0
2026-07-30,陽明,6,50.0
2026-07-30,萬海,6,84.4
2026-07-30,緯創,9,160.0
2026-07-30,中鋼,9,18.95
2026-07-30,長榮,6,201.0
2026-07-30,陽明,6,50.0
2026-07-30,萬海,6,84.4
2026-07-30,緯創,9,160.0
2026-07-30,中鋼,9,18.95
2026-07-30,長榮,6,201.0
2026-07-30,陽明,6,50.0
2026-07-30,萬海,6,84.4
2026-07-30,緯創,9,160.0
2026-07-30,中鋼,9,18.95
2026-07-30,長榮,6,201.0
2026-07-30,陽明,6,50.0
2026-07-30,萬海,6,84.4
2026-07-31,長榮,12,201.5
2026-07-31,鴻海,9,237.0
2026-07-31,緯創,9,169.5
2026-07-31,萬海,9,85.0
2026-07-31,中鋼,9,18.95
2026-07-31,長榮,12,201.5
2026-07-31,鴻海,9,237.0
2026-07-31,緯創,9,169.5
2026-07-31,萬海,9,85.0
2026-07-31,中鋼,9,18.95
2026-07-31,長榮,12,201.5
2026-07-31,鴻海,9,237.0
2026-07-31,緯創,9,169.5
2026-07-31,萬海,9,85.0
2026-07-31,中鋼,9,18.95
2026-07-31,長榮,12,201.5
2026-07-31,鴻海,9,237.0
2026-07-31,緯創,9,169.5
2026-07-31,萬海,9,85.0
2026-07-31,中鋼,9,18.95
2026-07-31,緯創,9,160.0
2026-07-31,中鋼,9,18.95
2026-07-31,長榮,6,201.0
2026-07-31,陽明,6,50.0
2026-07-31,萬海,6,84.4
2026-07-31,緯創,9,160.0
2026-07-31,中鋼,9,18.95
2026-07-31,長榮,6,201.0
2026-07-31,陽明,6,50.0
2026-07-31,萬海,6,84.4
2026-07-31,緯創,9,160.0
2026-07-31,中鋼,9,18.95
2026-07-31,長榮,6,201.0
2026-07-31,陽明,6,50.0
2026-07-31,萬海,6,84.4
2026-07-31,緯創,9,174.0
2026-07-31,長榮,9,203.5
2026-07-31,陽明,9,50.4
2026-07-31,萬海,9,84.8
2026-07-31,國泰金,9,100.5
2026-07-31,國泰金,12,101.5
2026-07-31,緯創,9,176.0
2026-07-31,長榮,9,204.0
2026-07-31,陽明,9,50.8
2026-07-31,萬海,9,84.7
2026-07-31,國泰金,12,101.5
2026-07-31,緯創,9,176.0
2026-07-31,長榮,9,204.0
2026-07-31,陽明,9,50.8
2026-07-31,萬海,9,84.7
2026-07-31,國泰金,12,101.5
2026-07-31,緯創,9,176.0
2026-07-31,長榮,9,204.0
2026-07-31,陽明,9,50.8
2026-07-31,萬海,9,84.7
2026-07-31,國泰金,12,101.5
2026-07-31,緯創,9,176.0
2026-07-31,長榮,9,204.0
2026-07-31,陽明,9,50.8
2026-07-31,萬海,9,84.7
2026-08-01,緯創,9,160.0
2026-08-01,中鋼,9,18.95
2026-08-01,長榮,6,201.0
2026-08-01,陽明,6,50.0
2026-08-01,萬海,6,84.4
2026-08-01,緯創,9,160.0
2026-08-01,中鋼,9,18.95
2026-08-01,長榮,6,201.0
2026-08-01,陽明,6,50.0
2026-08-01,萬海,6,84.4
2026-08-01,緯創,9,160.0
2026-08-01,中鋼,9,18.95
2026-08-01,長榮,6,201.0
2026-08-01,陽明,6,50.0
2026-08-01,萬海,6,84.4
2026-08-01,緯創,9,160.0
2026-08-01,中鋼,9,18.95
2026-08-01,長榮,6,201.0
2026-08-01,陽明,6,50.0
2026-08-01,萬海,6,84.4
2026-08-01,國泰金,12,101.5
2026-08-01,緯創,9,176.0
2026-08-01,長榮,9,204.0
2026-08-01,陽明,9,50.8
2026-08-01,萬海,9,84.7
2026-08-01,國泰金,12,101.5
2026-08-01,緯創,9,176.0
2026-08-01,長榮,9,204.0
2026-08-01,陽明,9,50.8
2026-08-01,萬海,9,84.7
2026-08-01,國泰金,12,101.5
2026-08-01,緯創,9,176.0
2026-08-01,長榮,9,204.0
2026-08-01,陽明,9,50.8
2026-08-01,萬海,9,84.7
2026-08-01,國泰金,12,101.5
2026-08-01,緯創,9,176.0
2026-08-01,長榮,9,204.0
2026-08-01,陽明,9,50.8
2026-08-01,萬海,9,84.7
2026-08-01,國泰金,12,101.5
2026-08-01,緯創,9,176.0
2026-08-01,長榮,9,204.0
2026-08-01,陽明,9,50.8
2026-08-01,萬海,9,84.7
2026-08-01,國泰金,12,101.5
2026-08-01,緯創,9,176.0
2026-08-01,長榮,9,204.0
2026-08-01,陽明,9,50.8
2026-08-01,萬海,9,84.7
2026-08-01,國泰金,12,101.5
2026-08-01,緯創,9,176.0
2026-08-01,長榮,9,204.0
2026-08-01,陽明,9,50.8
2026-08-01,萬海,9,84.7
2026-08-01,國泰金,12,101.5
2026-08-01,緯創,9,176.0
2026-08-01,長榮,9,204.0
2026-08-01,陽明,9,50.8
2026-08-01,萬海,9,84.7
2026-08-01,國泰金,12,101.5
2026-08-01,緯創,9,176.0
2026-08-01,長榮,9,204.0
2026-08-01,陽明,9,50.8
2026-08-01,萬海,9,84.7
2026-08-01,國泰金,12,101.5
2026-08-01,緯創,9,176.0
2026-08-01,長榮,9,204.0
2026-08-01,陽明,9,50.8
2026-08-01,萬海,9,84.7
2026-08-02,國泰金,12,101.5
2026-08-02,緯創,9,176.0
2026-08-02,長榮,9,204.0
2026-08-02,陽明,9,50.8
2026-08-02,萬海,9,84.7
2026-08-02,國泰金,12,101.5
2026-08-02,緯創,9,176.0
2026-08-02,長榮,9,204.0
2026-08-02,陽明,9,50.8
2026-08-02,萬海,9,84.7
2026-08-02,國泰金,12,101.5
2026-08-02,緯創,9,176.0
2026-08-02,長榮,9,204.0
2026-08-02,陽明,9,50.8
2026-08-02,萬海,9,84.7
2026-08-02,國泰金,12,101.5
2026-08-02,緯創,9,176.0
2026-08-02,長榮,9,204.0
2026-08-02,陽明,9,50.8
2026-08-02,萬海,9,84.7
2026-08-02,國泰金,12,101.5
2026-08-02,緯創,9,176.0
2026-08-02,長榮,9,204.0
2026-08-02,陽明,9,50.8
2026-08-02,萬海,9,84.7
2026-08-02,國泰金,12,101.5
2026-08-02,緯創,9,176.0
2026-08-02,長榮,9,204.0
2026-08-02,陽明,9,50.8
2026-08-02,萬海,9,84.7
2026-08-02,國泰金,12,101.5
2026-08-02,緯創,9,176.0
2026-08-02,長榮,9,204.0
2026-08-02,陽明,9,50.8
2026-08-02,萬海,9,84.7
2026-08-02,國泰金,12,101.5
2026-08-02,緯創,9,176.0
2026-08-02,長榮,9,204.0
2026-08-02,陽明,9,50.8
2026-08-02,萬海,9,84.7
2026-08-02,國泰金,12,101.5
2026-08-02,緯創,9,176.0
2026-08-02,長榮,9,204.0
2026-08-02,陽明,9,50.8
2026-08-02,萬海,9,84.7
2026-08-02,國泰金,12,101.5
2026-08-02,緯創,9,176.0
2026-08-02,長榮,9,204.0
2026-08-02,陽明,9,50.8
2026-08-02,萬海,9,84.7
2026-08-02,國泰金,12,101.5
2026-08-02,緯創,9,176.0
2026-08-02,長榮,9,204.0
2026-08-02,陽明,9,50.8
2026-08-02,萬海,9,84.7
2026-08-02,國泰金,12,101.5
2026-08-02,緯創,9,176.0
2026-08-02,長榮,9,204.0
2026-08-02,陽明,9,50.8
2026-08-02,萬海,9,84.7
2026-08-02,國泰金,12,101.5
2026-08-02,緯創,9,176.0
2026-08-02,長榮,9,204.0
2026-08-02,陽明,9,50.8
2026-08-02,萬海,9,84.7
2026-08-02,國泰金,12,101.5
2026-08-02,緯創,9,176.0
2026-08-02,長榮,9,204.0
2026-08-02,陽明,9,50.8
2026-08-02,萬海,9,84.7
2026-08-02,國泰金,12,101.5
2026-08-02,緯創,9,176.0
2026-08-02,長榮,9,204.0
2026-08-02,陽明,9,50.8
2026-08-02,萬海,9,84.7
2026-08-02,國泰金,12,101.5
2026-08-02,緯創,9,176.0
2026-08-02,長榮,9,204.0
2026-08-02,陽明,9,50.8
2026-08-02,萬海,9,84.7
2026-08-03,國泰金,12,101.5
2026-08-03,緯創,9,176.0
2026-08-03,長榮,9,204.0
2026-08-03,陽明,9,50.8
2026-08-03,萬海,9,84.7
2026-08-03,國泰金,12,101.5
2026-08-03,緯創,9,176.0
2026-08-03,長榮,9,204.0
2026-08-03,陽明,9,50.8
2026-08-03,萬海,9,84.7
2026-08-03,國泰金,12,101.5
2026-08-03,緯創,9,176.0
2026-08-03,長榮,9,204.0
2026-08-03,陽明,9,50.8
2026-08-03,萬海,9,84.7
2026-08-03,國泰金,12,101.5
2026-08-03,緯創,9,176.0
2026-08-03,長榮,9,204.0
2026-08-03,陽明,9,50.8
2026-08-03,萬海,9,84.7
2026-08-03,國泰金,12,101.5
2026-08-03,緯創,9,176.0
2026-08-03,長榮,9,204.0
2026-08-03,陽明,9,50.8
2026-08-03,萬海,9,84.7
2026-08-03,國泰金,12,101.5
2026-08-03,緯創,9,176.0
2026-08-03,長榮,9,204.0
2026-08-03,陽明,9,50.8
2026-08-03,萬海,9,84.7
2026-08-03,國泰金,12,101.5
2026-08-03,緯創,9,176.0
2026-08-03,長榮,9,204.0
2026-08-03,陽明,9,50.8
2026-08-03,萬海,9,84.7
2026-08-03,國泰金,12,101.5
2026-08-03,緯創,9,176.0
2026-08-03,長榮,9,204.0
2026-08-03,陽明,9,50.8
2026-08-03,萬海,9,84.7
2026-08-03,國泰金,12,101.5
2026-08-03,緯創,9,176.0
2026-08-03,長榮,9,204.0
2026-08-03,陽明,9,50.8
2026-08-03,萬海,9,84.7
2026-08-03,緯創,12,187.0
2026-08-03,長榮,9,207.0
2026-08-03,陽明,9,50.9
2026-08-03,萬海,9,86.0
2026-08-03,國泰金,9,102.0
2026-08-03,緯創,12,186.0
2026-08-03,長榮,9,207.5
2026-08-03,陽明,9,50.8
2026-08-03,萬海,9,86.1
2026-08-03,中鋼,9,18.85
2026-08-03,緯創,12,186.0
2026-08-03,長榮,9,207.5
2026-08-03,陽明,9,50.8
2026-08-03,萬海,9,86.1
2026-08-03,中鋼,9,18.85
2026-08-03,緯創,12,186.0
2026-08-03,長榮,9,207.5
2026-08-03,陽明,9,50.8
2026-08-03,萬海,9,86.1
2026-08-03,中鋼,9,18.85
2026-08-04,國泰金,12,101.5
2026-08-04,緯創,9,176.0
2026-08-04,長榮,9,204.0
2026-08-04,陽明,9,50.8
2026-08-04,萬海,9,84.7
2026-08-04,國泰金,12,101.5
2026-08-04,緯創,9,176.0
2026-08-04,長榮,9,204.0
2026-08-04,陽明,9,50.8
2026-08-04,萬海,9,84.7
2026-08-04,國泰金,12,101.5
2026-08-04,緯創,9,176.0
2026-08-04,長榮,9,204.0
2026-08-04,陽明,9,50.8
2026-08-04,萬海,9,84.7
2026-08-04,國泰金,12,101.5
2026-08-04,緯創,9,176.0
2026-08-04,長榮,9,204.0
2026-08-04,陽明,9,50.8
2026-08-04,萬海,9,84.7
2026-08-04,國泰金,12,101.5
2026-08-04,緯創,9,176.0
2026-08-04,長榮,9,204.0
2026-08-04,陽明,9,50.8
2026-08-04,萬海,9,84.7
2026-08-04,國泰金,12,101.5
2026-08-04,緯創,9,176.0
2026-08-04,長榮,9,204.0
2026-08-04,陽明,9,50.8
2026-08-04,萬海,9,84.7
2026-08-04,緯創,12,196.0
2026-08-04,奇鋐,9,2610.0
2026-08-04,萬海,9,86.1
2026-08-04,鴻海,6,252.5
2026-08-04,長榮,6,206.0
2026-08-04,緯創,12,193.5
2026-08-04,奇鋐,9,2585.0
2026-08-04,長榮,9,206.5
2026-08-04,萬海,9,85.8
2026-08-04,鴻海,6,251.0
2026-08-04,緯創,12,195.0
2026-08-04,奇鋐,9,2600.0
2026-08-04,萬海,9,86.1
2026-08-04,中鋼,9,18.85
2026-08-04,鴻海,6,250.0
2026-08-04,緯創,12,195.0
2026-08-04,奇鋐,9,2600.0
2026-08-04,萬海,9,86.1
2026-08-04,中鋼,9,18.85
2026-08-04,鴻海,6,250.0
2026-08-04,緯創,12,195.0
2026-08-04,奇鋐,9,2600.0
2026-08-04,萬海,9,86.1
2026-08-04,中鋼,9,18.85
2026-08-04,鴻海,6,250.0
2026-08-04,緯創,12,195.0
2026-08-04,奇鋐,9,2600.0
2026-08-04,萬海,9,86.1
2026-08-04,中鋼,9,18.85
2026-08-04,鴻海,6,250.0
2026-08-05,緯創,12,186.0
2026-08-05,長榮,9,207.5
2026-08-05,陽明,9,50.8
2026-08-05,萬海,9,86.1
2026-08-05,中鋼,9,18.85
2026-08-05,緯創,12,186.0
2026-08-05,長榮,9,207.5
2026-08-05,陽明,9,50.8
2026-08-05,萬海,9,86.1
2026-08-05,中鋼,9,18.85
2026-08-05,緯創,12,186.0
2026-08-05,長榮,9,207.5
2026-08-05,陽明,9,50.8
2026-08-05,萬海,9,86.1
2026-08-05,中鋼,9,18.85
2026-08-05,緯創,12,186.0
2026-08-05,長榮,9,207.5
2026-08-05,陽明,9,50.8
2026-08-05,萬海,9,86.1
2026-08-05,中鋼,9,18.85
2026-08-05,緯創,12,186.0
2026-08-05,長榮,9,207.5
2026-08-05,陽明,9,50.8
2026-08-05,萬海,9,86.1
2026-08-05,中鋼,9,18.85
2026-08-05,緯創,12,195.0
2026-08-05,奇鋐,9,2600.0
2026-08-05,萬海,9,86.1
2026-08-05,中鋼,9,18.85
2026-08-05,鴻海,6,250.0
2026-08-05,奇鋐,12,2700.0
2026-08-05,富邦金,12,131.5
2026-08-05,緯創,9,195.5
2026-08-05,萬海,9,86.0
2026-08-05,鴻海,6,258.5
2026-08-05,奇鋐,12,2745.0
2026-08-05,緯創,9,191.0
2026-08-05,萬海,9,85.5
2026-08-05,鴻海,6,258.0
2026-08-05,聯發科,6,3990.0
2026-08-05,奇鋐,12,2730.0
2026-08-05,緯創,9,193.0
2026-08-05,萬海,9,85.4
2026-08-05,鴻海,6,258.5
2026-08-05,聯發科,6,4000.0
2026-08-05,奇鋐,12,2730.0
2026-08-05,緯創,9,193.0
2026-08-05,萬海,9,85.4
2026-08-05,鴻海,6,258.5
2026-08-05,聯發科,6,4000.0
2026-08-05,奇鋐,12,2730.0
2026-08-05,緯創,9,193.0
2026-08-05,萬海,9,85.4
2026-08-05,鴻海,6,258.5
2026-08-05,聯發科,6,4000.0
2026-08-05,奇鋐,12,2730.0
2026-08-05,緯創,9,193.0
2026-08-05,萬海,9,85.4
2026-08-05,鴻海,6,258.5
2026-08-05,聯發科,6,4000.0
2026-08-06,緯創,12,195.0
2026-08-06,奇鋐,9,2600.0
2026-08-06,萬海,9,86.1
2026-08-06,中鋼,9,18.85
2026-08-06,鴻海,6,250.0
2026-08-06,緯創,12,195.0
2026-08-06,奇鋐,9,2600.0
2026-08-06,萬海,9,86.1
2026-08-06,中鋼,9,18.85
2026-08-06,鴻海,6,250.0
2026-08-06,緯創,12,195.0
2026-08-06,奇鋐,9,2600.0
2026-08-06,萬海,9,86.1
2026-08-06,中鋼,9,18.85
2026-08-06,鴻海,6,250.0
2026-08-06,緯創,12,195.0
2026-08-06,奇鋐,9,2600.0
2026-08-06,萬海,9,86.1
2026-08-06,中鋼,9,18.85
2026-08-06,鴻海,6,250.0
2026-08-06,奇鋐,12,2730.0
2026-08-06,緯創,9,193.0
2026-08-06,萬海,9,85.4
2026-08-06,鴻海,6,258.5
2026-08-06,聯發科,6,4000.0
2026-08-06,奇鋐,12,2730.0
2026-08-06,緯創,9,193.0
2026-08-06,萬海,9,85.4
2026-08-06,鴻海,6,258.5
2026-08-06,聯發科,6,4000.0
2026-08-06,奇鋐,12,2730.0
2026-08-06,緯創,9,193.0
2026-08-06,萬海,9,85.4
2026-08-06,鴻海,6,258.5
2026-08-06,聯發科,6,4000.0
2026-08-06,奇鋐,15,2950.0
2026-08-06,鴻海,12,265.0
2026-08-06,聯發科,9,3940.0
2026-08-06,緯創,9,189.0
2026-08-06,技嘉,9,342.5
2026-08-06,奇鋐,15,2940.0
2026-08-06,鴻海,12,264.5
2026-08-06,聯發科,9,3920.0
2026-08-06,技嘉,9,344.0
2026-08-06,台光電,9,5305.0
2026-08-06,奇鋐,15,2940.0
2026-08-06,鴻海,12,264.5
2026-08-06,聯發科,9,3920.0
2026-08-06,技嘉,9,344.0
2026-08-06,台光電,9,5305.0
2026-08-06,奇鋐,15,2940.0
2026-08-06,鴻海,12,264.5
2026-08-06,聯發科,9,3920.0
2026-08-06,技嘉,9,344.0
2026-08-06,台光電,9,5305.0
2026-08-06,奇鋐,15,2940.0
2026-08-06,鴻海,12,264.5
2026-08-06,聯發科,9,3920.0
2026-08-06,技嘉,9,344.0
2026-08-06,台光電,9,5305.0
2026-08-07,奇鋐,12,2730.0
2026-08-07,緯創,9,193.0
2026-08-07,萬海,9,85.4
2026-08-07,鴻海,6,258.5
2026-08-07,聯發科,6,4000.0
2026-08-07,奇鋐,15,2940.0
2026-08-07,鴻海,12,264.5
2026-08-07,聯發科,9,3920.0
2026-08-07,技嘉,9,344.0
2026-08-07,台光電,9,5305.0
2026-08-07,鴻海,9,260.5
2026-08-07,聯發科,9,3905.0
2026-08-07,緯創,9,183.0
2026-08-07,奇鋐,9,2840.0
2026-08-07,技嘉,9,345.0
2026-08-07,鴻海,9,259.0
2026-08-07,聯發科,9,3855.0
2026-08-07,緯創,9,181.0
2026-08-07,奇鋐,9,2755.0
2026-08-07,技嘉,9,343.5
2026-08-07,鴻海,9,260.0
2026-08-07,聯發科,9,3900.0
2026-08-07,緯創,9,183.5
2026-08-07,奇鋐,9,2785.0
2026-08-07,技嘉,9,344.0
2026-08-07,鴻海,9,260.0
2026-08-07,聯發科,9,3900.0
2026-08-07,緯創,9,183.5
2026-08-07,奇鋐,9,2785.0
2026-08-07,技嘉,9,344.0
2026-08-07,鴻海,9,260.0
2026-08-07,聯發科,9,3900.0
2026-08-07,緯創,9,183.5
2026-08-07,奇鋐,9,2785.0
2026-08-07,技嘉,9,344.0
2026-08-07,鴻海,9,260.0
2026-08-07,聯發科,9,3900.0
2026-08-07,緯創,9,183.5
2026-08-07,奇鋐,9,2785.0
2026-08-07,技嘉,9,344.0
2026-08-07,鴻海,9,260.0
2026-08-07,聯發科,9,3900.0
2026-08-07,緯創,9,183.5
2026-08-07,奇鋐,9,2785.0
2026-08-07,技嘉,9,344.0
2026-08-07,鴻海,9,260.0
2026-08-07,聯發科,9,3900.0
2026-08-07,緯創,9,183.5
2026-08-07,奇鋐,9,2785.0
2026-08-07,技嘉,9,344.0
2026-08-07,鴻海,9,260.0
2026-08-07,聯發科,9,3900.0
2026-08-07,緯創,9,183.5
2026-08-07,奇鋐,9,2785.0
2026-08-07,技嘉,9,344.0
2026-08-07,鴻海,9,260.0
2026-08-07,聯發科,9,3900.0
2026-08-07,緯創,9,183.5
2026-08-07,奇鋐,9,2785.0
2026-08-07,技嘉,9,344.0
2026-08-07,鴻海,9,260.0
2026-08-07,聯發科,9,3900.0
2026-08-07,緯創,9,183.5
2026-08-07,奇鋐,9,2785.0
2026-08-07,技嘉,9,344.0
2026-08-07,鴻海,9,260.0
2026-08-07,聯發科,9,3900.0
2026-08-07,緯創,9,183.5
2026-08-07,奇鋐,9,2785.0
2026-08-07,技嘉,9,344.0
2026-08-08,奇鋐,15,2940.0
2026-08-08,鴻海,12,264.5
2026-08-08,聯發科,9,3920.0
2026-08-08,技嘉,9,344.0
2026-08-08,台光電,9,5305.0
2026-08-08,奇鋐,15,2940.0
2026-08-08,鴻海,12,264.5
2026-08-08,聯發科,9,3920.0
2026-08-08,技嘉,9,344.0
2026-08-08,台光電,9,5305.0
2026-08-08,奇鋐,15,2940.0
2026-08-08,鴻海,12,264.5
2026-08-08,聯發科,9,3920.0
2026-08-08,技嘉,9,344.0
2026-08-08,台光電,9,5305.0
2026-08-08,奇鋐,15,2940.0
2026-08-08,鴻海,12,264.5
2026-08-08,聯發科,9,3920.0
2026-08-08,技嘉,9,344.0
2026-08-08,台光電,9,5305.0
2026-08-08,奇鋐,15,2940.0
2026-08-08,鴻海,12,264.5
2026-08-08,聯發科,9,3920.0
2026-08-08,技嘉,9,344.0
2026-08-08,台光電,9,5305.0
2026-08-08,奇鋐,15,2940.0
2026-08-08,鴻海,12,264.5
2026-08-08,聯發科,9,3920.0
2026-08-08,技嘉,9,344.0
2026-08-08,台光電,9,5305.0
2026-08-08,鴻海,9,260.0
2026-08-08,聯發科,9,3900.0
2026-08-08,緯創,9,183.5
2026-08-08,奇鋐,9,2785.0
2026-08-08,技嘉,9,344.0
2026-08-08,鴻海,9,260.0
2026-08-08,聯發科,9,3900.0
2026-08-08,緯創,9,183.5
2026-08-08,奇鋐,9,2785.0
2026-08-08,技嘉,9,344.0
2026-08-08,鴻海,9,260.0
2026-08-08,聯發科,9,3900.0
2026-08-08,緯創,9,183.5
2026-08-08,奇鋐,9,2785.0
2026-08-08,技嘉,9,344.0
2026-08-08,鴻海,9,260.0
2026-08-08,聯發科,9,3900.0
2026-08-08,緯創,9,183.5
2026-08-08,奇鋐,9,2785.0
2026-08-08,技嘉,9,344.0
2026-08-08,鴻海,9,260.0
2026-08-08,聯發科,9,3900.0
2026-08-08,緯創,9,183.5
2026-08-08,奇鋐,9,2785.0
2026-08-08,技嘉,9,344.0
2026-08-08,鴻海,9,260.0
2026-08-08,聯發科,9,3900.0
2026-08-08,緯創,9,183.5
2026-08-08,奇鋐,9,2785.0
2026-08-08,技嘉,9,344.0
2026-08-08,鴻海,9,260.0
2026-08-08,聯發科,9,3900.0
2026-08-08,緯創,9,183.5
2026-08-08,奇鋐,9,2785.0
2026-08-08,技嘉,9,344.0
2026-08-08,鴻海,9,260.0
2026-08-08,聯發科,9,3900.0
2026-08-08,緯創,9,183.5
2026-08-08,奇鋐,9,2785.0
2026-08-08,技嘉,9,344.0
2026-08-08,鴻海,9,260.0
2026-08-08,聯發科,9,3900.0
2026-08-08,緯創,9,183.5
2026-08-08,奇鋐,9,2785.0
2026-08-08,技嘉,9,344.0
2026-08-08,鴻海,9,260.0
2026-08-08,聯發科,9,3900.0
2026-08-08,緯創,9,183.5
2026-08-08,奇鋐,9,2785.0
2026-08-08,技嘉,9,344.0
2026-08-08,鴻海,9,260.0
2026-08-08,聯發科,9,3900.0
2026-08-08,緯創,9,183.5
2026-08-08,奇鋐,9,2785.0
2026-08-08,技嘉,9,344.0
2026-08-08,鴻海,9,260.0
2026-08-08,聯發科,9,3900.0
2026-08-08,緯創,9,183.5
2026-08-08,奇鋐,9,2785.0
2026-08-08,技嘉,9,344.0
2026-08-08,鴻海,9,260.0
2026-08-08,聯發科,9,3900.0
2026-08-08,緯創,9,183.5
2026-08-08,奇鋐,9,2785.0
2026-08-08,技嘉,9,344.0
2026-08-08,鴻海,9,260.0
2026-08-08,聯發科,9,3900.0
2026-08-08,緯創,9,183.5
2026-08-08,奇鋐,9,2785.0
2026-08-08,技嘉,9,344.0
2026-08-08,鴻海,9,260.0
2026-08-08,聯發科,9,3900.0
2026-08-08,緯創,9,183.5
2026-08-08,奇鋐,9,2785.0
2026-08-08,技嘉,9,344.0
2026-08-08,鴻海,9,260.0
2026-08-08,聯發科,9,3900.0
2026-08-08,緯創,9,183.5
2026-08-08,奇鋐,9,2785.0
2026-08-08,技嘉,9,344.0
2026-08-08,鴻海,9,260.0
2026-08-08,聯發科,9,3900.0
2026-08-08,緯創,9,183.5
2026-08-08,奇鋐,9,2785.0
2026-08-08,技嘉,9,344.0
2026-08-08,鴻海,9,260.0
2026-08-08,聯發科,9,3900.0
2026-08-08,緯創,9,183.5
2026-08-08,奇鋐,9,2785.0
2026-08-08,技嘉,9,344.0
2026-08-08,鴻海,9,260.0
2026-08-08,聯發科,9,3900.0
2026-08-08,緯創,9,183.5
2026-08-08,奇鋐,9,2785.0
2026-08-08,技嘉,9,344.0
2026-08-08,鴻海,9,260.0
2026-08-08,聯發科,9,3900.0
2026-08-08,緯創,9,183.5
2026-08-08,奇鋐,9,2785.0
2026-08-08,技嘉,9,344.0
2026-08-08,鴻海,9,260.0
2026-08-08,聯發科,9,3900.0
2026-08-08,緯創,9,183.5
2026-08-08,奇鋐,9,2785.0
2026-08-08,技嘉,9,344.0
2026-08-08,鴻海,9,260.0
2026-08-08,聯發科,9,3900.0
2026-08-08,緯創,9,183.5
2026-08-08,奇鋐,9,2785.0
2026-08-08,技嘉,9,344.0
2026-08-08,鴻海,9,260.0
2026-08-08,聯發科,9,3900.0
2026-08-08,緯創,9,183.5
2026-08-08,奇鋐,9,2785.0
2026-08-08,技嘉,9,344.0
2026-08-09,鴻海,9,260.0
2026-08-09,聯發科,9,3900.0
2026-08-09,緯創,9,183.5
2026-08-09,奇鋐,9,2785.0
2026-08-09,技嘉,9,344.0
2026-08-09,鴻海,9,260.0
2026-08-09,聯發科,9,3900.0
2026-08-09,緯創,9,183.5
2026-08-09,奇鋐,9,2785.0
2026-08-09,技嘉,9,344.0
2026-08-09,鴻海,9,260.0
2026-08-09,聯發科,9,3900.0
2026-08-09,緯創,9,183.5
2026-08-09,奇鋐,9,2785.0
2026-08-09,技嘉,9,344.0
2026-08-09,鴻海,9,260.0
2026-08-09,聯發科,9,3900.0
2026-08-09,緯創,9,183.5
2026-08-09,奇鋐,9,2785.0
2026-08-09,技嘉,9,344.0
2026-08-09,鴻海,9,260.0
2026-08-09,聯發科,9,3900.0
2026-08-09,緯創,9,183.5
2026-08-09,奇鋐,9,2785.0
2026-08-09,技嘉,9,344.0
2026-08-09,鴻海,9,260.0
2026-08-09,聯發科,9,3900.0
2026-08-09,緯創,9,183.5
2026-08-09,奇鋐,9,2785.0
2026-08-09,技嘉,9,344.0
2026-08-09,鴻海,9,260.0
2026-08-09,聯發科,9,3900.0
2026-08-09,緯創,9,183.5
2026-08-09,奇鋐,9,2785.0
2026-08-09,技嘉,9,344.0
2026-08-09,鴻海,9,260.0
2026-08-09,聯發科,9,3900.0
2026-08-09,緯創,9,183.5
2026-08-09,奇鋐,9,2785.0
2026-08-09,技嘉,9,344.0
2026-08-09,鴻海,9,260.0
2026-08-09,聯發科,9,3900.0
2026-08-09,緯創,9,183.5
2026-08-09,奇鋐,9,2785.0
2026-08-09,技嘉,9,344.0
2026-08-09,鴻海,9,260.0
2026-08-09,聯發科,9,3900.0
2026-08-09,緯創,9,183.5
2026-08-09,奇鋐,9,2785.0
2026-08-09,技嘉,9,344.0
2026-08-09,鴻海,9,260.0
2026-08-09,聯發科,9,3900.0
2026-08-09,緯創,9,183.5
2026-08-09,奇鋐,9,2785.0
2026-08-09,技嘉,9,344.0
2026-08-09,鴻海,9,260.0
2026-08-09,聯發科,9,3900.0
2026-08-09,緯創,9,183.5
2026-08-09,奇鋐,9,2785.0
2026-08-09,技嘉,9,344.0
2026-08-09,鴻海,9,260.0
2026-08-09,聯發科,9,3900.0
2026-08-09,緯創,9,183.5
2026-08-09,奇鋐,9,2785.0
2026-08-09,技嘉,9,344.0
2026-08-09,鴻海,9,260.0
2026-08-09,聯發科,9,3900.0
2026-08-09,緯創,9,183.5
2026-08-09,奇鋐,9,2785.0
2026-08-09,技嘉,9,344.0
2026-08-09,鴻海,9,260.0
2026-08-09,聯發科,9,3900.0
2026-08-09,緯創,9,183.5
2026-08-09,奇鋐,9,2785.0
2026-08-09,技嘉,9,344.0
2026-08-09,鴻海,9,260.0
2026-08-09,聯發科,9,3900.0
2026-08-09,緯創,9,183.5
2026-08-09,奇鋐,9,2785.0
2026-08-09,技嘉,9,344.0
2026-08-09,鴻海,9,260.0
2026-08-09,聯發科,9,3900.0
2026-08-09,緯創,9,183.5
2026-08-09,奇鋐,9,2785.0
2026-08-09,技嘉,9,344.0
2026-08-09,鴻海,9,260.0
2026-08-09,聯發科,9,3900.0
2026-08-09,緯創,9,183.5
2026-08-09,奇鋐,9,2785.0
2026-08-09,技嘉,9,344.0
2026-08-09,鴻海,9,260.0
2026-08-09,聯發科,9,3900.0
2026-08-09,緯創,9,183.5
2026-08-09,奇鋐,9,2785.0
2026-08-09,技嘉,9,344.0
2026-08-09,鴻海,9,260.0
2026-08-09,聯發科,9,3900.0
2026-08-09,緯創,9,183.5
2026-08-09,奇鋐,9,2785.0
2026-08-09,技嘉,9,344.0
2026-08-09,鴻海,9,260.0
2026-08-09,聯發科,9,3900.0
2026-08-09,緯創,9,183.5
2026-08-09,奇鋐,9,2785.0
2026-08-09,技嘉,9,344.0
2026-08-09,鴻海,9,260.0
2026-08-09,聯發科,9,3900.0
2026-08-09,緯創,9,183.5
2026-08-09,奇鋐,9,2785.0
2026-08-09,技嘉,9,344.0
2026-08-09,鴻海,9,260.0
2026-08-09,聯發科,9,3900.0
2026-08-09,緯創,9,183.5
2026-08-09,奇鋐,9,2785.0
2026-08-09,技嘉,9,344.0
2026-08-09,鴻海,9,260.0
2026-08-09,聯發科,9,3900.0
2026-08-09,緯創,9,183.5
2026-08-09,奇鋐,9,2785.0
2026-08-09,技嘉,9,344.0
2026-08-09,鴻海,9,260.0
2026-08-09,聯發科,9,3900.0
2026-08-09,緯創,9,183.5
2026-08-09,奇鋐,9,2785.0
2026-08-09,技嘉,9,344.0
2026-08-09,鴻海,9,260.0
2026-08-09,聯發科,9,3900.0
2026-08-09,緯創,9,183.5
2026-08-09,奇鋐,9,2785.0
2026-08-09,技嘉,9,344.0
2026-08-09,鴻海,9,260.0
2026-08-09,聯發科,9,3900.0
2026-08-09,緯創,9,183.5
2026-08-09,奇鋐,9,2785.0
2026-08-09,技嘉,9,344.0
2026-08-09,鴻海,9,260.0
2026-08-09,聯發科,9,3900.0
2026-08-09,緯創,9,183.5
2026-08-09,奇鋐,9,2785.0
2026-08-09,技嘉,9,344.0
2026-08-09,鴻海,9,260.0
2026-08-09,聯發科,9,3900.0
2026-08-09,緯創,9,183.5
2026-08-09,奇鋐,9,2785.0
2026-08-09,技嘉,9,344.0
2026-08-09,鴻海,9,260.0
2026-08-09,聯發科,9,3900.0
2026-08-09,緯創,9,183.5
2026-08-09,奇鋐,9,2785.0
2026-08-09,技嘉,9,344.0
2026-08-09,鴻海,9,260.0
2026-08-09,聯發科,9,3900.0
2026-08-09,緯創,9,183.5
2026-08-09,奇鋐,9,2785.0
2026-08-09,技嘉,9,344.0
2026-08-09,鴻海,9,260.0
2026-08-09,聯發科,9,3900.0
2026-08-09,緯創,9,183.5
2026-08-09,奇鋐,9,2785.0
2026-08-09,技嘉,9,344.0
2026-08-10,鴻海,9,260.0
2026-08-10,聯發科,9,3900.0
2026-08-10,緯創,9,183.5
2026-08-10,奇鋐,9,2785.0
2026-08-10,技嘉,9,344.0
2026-08-10,鴻海,9,260.0
2026-08-10,聯發科,9,3900.0
2026-08-10,緯創,9,183.5
2026-08-10,奇鋐,9,2785.0
2026-08-10,技嘉,9,344.0
2026-08-10,鴻海,9,260.0
2026-08-10,聯發科,9,3900.0
2026-08-10,緯創,9,183.5
2026-08-10,奇鋐,9,2785.0
2026-08-10,技嘉,9,344.0
2026-08-10,鴻海,9,260.0
2026-08-10,聯發科,9,3900.0
2026-08-10,緯創,9,183.5
2026-08-10,奇鋐,9,2785.0
2026-08-10,技嘉,9,344.0
2026-08-10,鴻海,9,260.0
2026-08-10,聯發科,9,3900.0
2026-08-10,緯創,9,183.5
2026-08-10,奇鋐,9,2785.0
2026-08-10,技嘉,9,344.0
2026-08-10,鴻海,9,260.0
2026-08-10,聯發科,9,3900.0
2026-08-10,緯創,9,183.5
2026-08-10,奇鋐,9,2785.0
2026-08-10,技嘉,9,344.0
2026-08-10,鴻海,9,260.0
2026-08-10,聯發科,9,3900.0
2026-08-10,緯創,9,183.5
2026-08-10,奇鋐,9,2785.0
2026-08-10,技嘉,9,344.0
2026-08-10,鴻海,9,260.0
2026-08-10,聯發科,9,3900.0
2026-08-10,緯創,9,183.5
2026-08-10,奇鋐,9,2785.0
2026-08-10,技嘉,9,344.0
2026-08-10,鴻海,9,260.0
2026-08-10,聯發科,9,3900.0
2026-08-10,緯創,9,183.5
2026-08-10,奇鋐,9,2785.0
2026-08-10,技嘉,9,344.0
2026-08-10,鴻海,9,260.0
2026-08-10,聯發科,9,3900.0
2026-08-10,緯創,9,183.5
2026-08-10,奇鋐,9,2785.0
2026-08-10,技嘉,9,344.0
2026-08-10,鴻海,9,260.0
2026-08-10,聯發科,9,3900.0
2026-08-10,緯創,9,183.5
2026-08-10,奇鋐,9,2785.0
2026-08-10,技嘉,9,344.0
2026-08-10,鴻海,9,260.0
2026-08-10,聯發科,9,3900.0
2026-08-10,緯創,9,183.5
2026-08-10,奇鋐,9,2785.0
2026-08-10,技嘉,9,344.0
2026-08-10,鴻海,9,260.0
2026-08-10,聯發科,9,3900.0
2026-08-10,緯創,9,183.5
2026-08-10,奇鋐,9,2785.0
2026-08-10,技嘉,9,344.0
2026-08-10,長榮,12,209.5
2026-08-10,緯創,9,186.0
2026-08-10,奇鋐,9,2820.0
2026-08-10,中鋼,9,19.3
2026-08-10,台積電,6,2390.0
2026-08-10,長榮,12,212.0
2026-08-10,南亞科,12,502.0
2026-08-10,鴻海,9,264.0
2026-08-10,緯創,9,191.5
2026-08-10,奇鋐,9,2810.0
2026-08-10,長榮,15,214.5
2026-08-10,中鋼,14,19.5
2026-08-10,萬海,12,88.0
2026-08-10,南亞科,12,502.0
2026-08-10,緯創,9,191.0
2026-08-10,長榮,15,214.0
2026-08-10,中鋼,14,19.65
2026-08-10,南亞科,12,502.0
2026-08-10,鴻海,9,264.5
2026-08-10,緯創,9,193.0
2026-08-10,長榮,15,214.0
2026-08-10,中鋼,14,19.65
2026-08-10,南亞科,12,502.0
2026-08-10,鴻海,9,264.5
2026-08-10,緯創,9,193.0
2026-08-10,長榮,15,214.0
2026-08-10,中鋼,14,19.65
2026-08-10,南亞科,12,502.0
2026-08-10,鴻海,9,264.5
2026-08-10,緯創,9,193.0
2026-08-10,長榮,15,214.0
2026-08-10,中鋼,14,19.65
2026-08-10,南亞科,12,502.0
2026-08-10,鴻海,9,264.5
2026-08-10,緯創,9,193.0
2026-08-10,長榮,15,214.0
2026-08-10,中鋼,14,19.65
2026-08-10,南亞科,12,502.0
2026-08-10,鴻海,9,264.5
2026-08-10,緯創,9,193.0
2026-08-10,長榮,15,214.0
2026-08-10,中鋼,14,19.65
2026-08-10,南亞科,12,502.0
2026-08-10,鴻海,9,264.5
2026-08-10,緯創,9,193.0
2026-08-10,長榮,15,214.0
2026-08-10,中鋼,14,19.65
2026-08-10,南亞科,12,502.0
2026-08-10,鴻海,9,264.5
2026-08-10,緯創,9,193.0
2026-08-10,長榮,15,214.0
2026-08-10,中鋼,14,19.65
2026-08-10,南亞科,12,502.0
2026-08-10,鴻海,9,264.5
2026-08-10,緯創,9,193.0
2026-08-11,鴻海,9,260.0
2026-08-11,聯發科,9,3900.0
2026-08-11,緯創,9,183.5
2026-08-11,奇鋐,9,2785.0
2026-08-11,技嘉,9,344.0
2026-08-11,鴻海,9,260.0
2026-08-11,聯發科,9,3900.0
2026-08-11,緯創,9,183.5
2026-08-11,奇鋐,9,2785.0
2026-08-11,技嘉,9,344.0
2026-08-11,鴻海,9,260.0
2026-08-11,聯發科,9,3900.0
2026-08-11,緯創,9,183.5
2026-08-11,奇鋐,9,2785.0
2026-08-11,技嘉,9,344.0
2026-08-11,鴻海,9,260.0
2026-08-11,聯發科,9,3900.0
2026-08-11,緯創,9,183.5
2026-08-11,奇鋐,9,2785.0
2026-08-11,技嘉,9,344.0
2026-08-11,鴻海,9,260.0
2026-08-11,聯發科,9,3900.0
2026-08-11,緯創,9,183.5
2026-08-11,奇鋐,9,2785.0
2026-08-11,技嘉,9,344.0
2026-08-11,鴻海,9,260.0
2026-08-11,聯發科,9,3900.0
2026-08-11,緯創,9,183.5
2026-08-11,奇鋐,9,2785.0
2026-08-11,技嘉,9,344.0
2026-08-11,長榮,15,214.0
2026-08-11,中鋼,14,19.65
2026-08-11,南亞科,12,502.0
2026-08-11,鴻海,9,264.5
2026-08-11,緯創,9,193.0
2026-08-11,長榮,15,214.0
2026-08-11,中鋼,14,19.65
2026-08-11,南亞科,12,502.0
2026-08-11,鴻海,9,264.5
2026-08-11,緯創,9,193.0
2026-08-11,長榮,15,214.0
2026-08-11,中鋼,14,19.65
2026-08-11,南亞科,12,502.0
2026-08-11,鴻海,9,264.5
2026-08-11,緯創,9,193.0
2026-08-11,長榮,15,214.0
2026-08-11,中鋼,14,19.65
2026-08-11,南亞科,12,502.0
2026-08-11,鴻海,9,264.5
2026-08-11,緯創,9,193.0
2026-08-11,長榮,12,218.5
2026-08-11,中鋼,11,19.7
2026-08-11,緯創,9,191.5
2026-08-11,奇鋐,9,2770.0
2026-08-11,台積電,6,2385.0
2026-08-11,長榮,12,217.5
2026-08-11,緯創,9,191.5
2026-08-11,奇鋐,9,2765.0
2026-08-11,中鋼,9,19.55
2026-08-11,台積電,6,2395.0
2026-08-11,長榮,12,218.0
2026-08-11,中鋼,11,19.7
2026-08-11,緯創,9,190.5
2026-08-11,奇鋐,9,2745.0
2026-08-11,台積電,6,2400.0
2026-08-11,長榮,15,218.0
2026-08-11,中鋼,11,19.75
2026-08-11,緯創,9,191.0
2026-08-11,奇鋐,9,2760.0
2026-08-11,台光電,9,5535.0
2026-08-11,長榮,15,218.0
2026-08-11,中鋼,11,19.75
2026-08-11,緯創,9,191.0
2026-08-11,奇鋐,9,2760.0
2026-08-11,台光電,9,5535.0
2026-08-11,長榮,15,218.0
2026-08-11,中鋼,11,19.75
2026-08-11,緯創,9,191.0
2026-08-11,奇鋐,9,2760.0
2026-08-11,台光電,9,5535.0
2026-08-11,長榮,15,218.0
2026-08-11,中鋼,11,19.75
2026-08-11,緯創,9,191.0
2026-08-11,奇鋐,9,2760.0
2026-08-11,台光電,9,5535.0
2026-08-11,長榮,15,218.0
2026-08-11,中鋼,11,19.75
2026-08-11,緯創,9,191.0
2026-08-11,奇鋐,9,2760.0
2026-08-11,台光電,9,5535.0
2026-08-11,長榮,15,218.0
2026-08-11,中鋼,11,19.75
2026-08-11,緯創,9,191.0
2026-08-11,奇鋐,9,2760.0
2026-08-11,台光電,9,5535.0
2026-08-11,長榮,15,218.0
2026-08-11,中鋼,11,19.75
2026-08-11,緯創,9,191.0
2026-08-11,奇鋐,9,2760.0
2026-08-11,台光電,9,5535.0
2026-08-11,長榮,15,218.0
2026-08-11,中鋼,11,19.75
2026-08-11,緯創,9,191.0
2026-08-11,奇鋐,9,2760.0
2026-08-11,台光電,9,5535.0
2026-08-11,長榮,15,218.0
2026-08-11,中鋼,11,19.75
2026-08-11,緯創,9,191.0
2026-08-11,奇鋐,9,2760.0
2026-08-11,台光電,9,5535.0
2026-08-12,長榮,15,214.0
2026-08-12,中鋼,14,19.65
2026-08-12,南亞科,12,502.0
2026-08-12,鴻海,9,264.5
2026-08-12,緯創,9,193.0
2026-08-12,長榮,15,214.0
2026-08-12,中鋼,14,19.65
2026-08-12,南亞科,12,502.0
2026-08-12,鴻海,9,264.5
2026-08-12,緯創,9,193.0
2026-08-12,長榮,15,214.0
2026-08-12,中鋼,14,19.65
2026-08-12,南亞科,12,502.0
2026-08-12,鴻海,9,264.5
2026-08-12,緯創,9,193.0
2026-08-12,長榮,15,214.0
2026-08-12,中鋼,14,19.65
2026-08-12,南亞科,12,502.0
2026-08-12,鴻海,9,264.5
2026-08-12,緯創,9,193.0
2026-08-12,長榮,15,214.0
2026-08-12,中鋼,14,19.65
2026-08-12,南亞科,12,502.0
2026-08-12,鴻海,9,264.5
2026-08-12,緯創,9,193.0
2026-08-12,長榮,15,214.0
2026-08-12,中鋼,14,19.65
2026-08-12,南亞科,12,502.0
2026-08-12,鴻海,9,264.5
2026-08-12,緯創,9,193.0
2026-08-12,長榮,12,218.0
2026-08-12,中鋼,11,19.75
2026-08-12,緯創,9,191.0
2026-08-12,奇鋐,9,2760.0
2026-08-12,台光電,9,5535.0
2026-08-12,長榮,12,218.0
2026-08-12,中鋼,11,19.75
2026-08-12,緯創,9,191.0
2026-08-12,奇鋐,9,2760.0
2026-08-12,台光電,9,5535.0
2026-08-12,長榮,12,218.0
2026-08-12,中鋼,11,19.75
2026-08-12,緯創,9,191.0
2026-08-12,奇鋐,9,2760.0
2026-08-12,台光電,9,5535.0
2026-08-12,長榮,12,218.0
2026-08-12,中鋼,11,19.75
2026-08-12,緯創,9,191.0
2026-08-12,奇鋐,9,2760.0
2026-08-12,台光電,9,5535.0
2026-08-12,技嘉,15,378.5
2026-08-12,台光電,12,5710.0
2026-08-12,鴻海,9,269.5
2026-08-12,緯創,9,193.5
2026-08-12,奇鋐,9,2820.0
2026-08-12,技嘉,15,373.5
2026-08-12,台光電,12,5695.0
2026-08-12,鴻海,9,269.5
2026-08-12,緯創,9,193.0
2026-08-12,奇鋐,9,2900.0
2026-08-12,技嘉,15,375.5
2026-08-12,台光電,12,5730.0
2026-08-12,鴻海,9,270.0
2026-08-12,緯創,9,193.5
2026-08-12,奇鋐,9,2910.0
2026-08-12,技嘉,15,375.5
2026-08-12,台光電,12,5730.0
2026-08-12,鴻海,9,270.0
2026-08-12,緯創,9,193.5
2026-08-12,奇鋐,9,2910.0
2026-08-12,技嘉,15,375.5
2026-08-12,台光電,12,5730.0
2026-08-12,鴻海,9,270.0
2026-08-12,緯創,9,193.5
2026-08-12,奇鋐,9,2910.0
2026-08-12,技嘉,15,375.5
2026-08-12,台光電,12,5730.0
2026-08-12,鴻海,9,270.0
2026-08-12,緯創,9,193.5
2026-08-12,奇鋐,9,2910.0
2026-08-12,技嘉,15,375.5
2026-08-12,台光電,12,5730.0
2026-08-12,鴻海,9,270.0
2026-08-12,緯創,9,193.5
2026-08-12,奇鋐,9,2910.0
2026-08-12,技嘉,15,375.5
2026-08-12,台光電,12,5730.0
2026-08-12,鴻海,9,270.0
2026-08-12,緯創,9,193.5
2026-08-12,奇鋐,9,2910.0
2026-08-12,技嘉,15,375.5
2026-08-12,台光電,12,5730.0
2026-08-12,鴻海,9,270.0
2026-08-12,緯創,9,193.5
2026-08-12,奇鋐,9,2910.0
2026-08-12,技嘉,15,375.5
2026-08-12,台光電,12,5730.0
2026-08-12,鴻海,9,270.0
2026-08-12,緯創,9,193.5
2026-08-12,奇鋐,9,2910.0
2026-08-13,長榮,12,218.0
2026-08-13,中鋼,11,19.75
2026-08-13,緯創,9,191.0
2026-08-13,奇鋐,9,2760.0
2026-08-13,台光電,9,5535.0
2026-08-13,長榮,12,218.0
2026-08-13,中鋼,11,19.75
2026-08-13,緯創,9,191.0
2026-08-13,奇鋐,9,2760.0
2026-08-13,台光電,9,5535.0
2026-08-13,長榮,12,218.0
2026-08-13,中鋼,11,19.75
2026-08-13,緯創,9,191.0
2026-08-13,奇鋐,9,2760.0
2026-08-13,台光電,9,5535.0
2026-08-13,長榮,12,218.0
2026-08-13,中鋼,11,19.75
2026-08-13,緯創,9,191.0
2026-08-13,奇鋐,9,2760.0
2026-08-13,台光電,9,5535.0
2026-08-13,長榮,12,218.0
2026-08-13,中鋼,11,19.75
2026-08-13,緯創,9,191.0
2026-08-13,奇鋐,9,2760.0
2026-08-13,台光電,9,5535.0
2026-08-13,長榮,12,218.0
2026-08-13,中鋼,11,19.75
2026-08-13,緯創,9,191.0
2026-08-13,奇鋐,9,2760.0
2026-08-13,台光電,9,5535.0
2026-08-13,技嘉,15,375.5
2026-08-13,台光電,12,5730.0
2026-08-13,鴻海,9,270.0
2026-08-13,緯創,9,193.5
2026-08-13,奇鋐,9,2910.0
2026-08-13,技嘉,15,375.5
2026-08-13,台光電,12,5730.0
2026-08-13,鴻海,9,270.0
2026-08-13,緯創,9,193.5
2026-08-13,奇鋐,9,2910.0
2026-08-13,技嘉,15,375.5
2026-08-13,台光電,12,5730.0
2026-08-13,鴻海,9,270.0
2026-08-13,緯創,9,193.5
2026-08-13,奇鋐,9,2910.0
2026-08-13,技嘉,15,375.5
2026-08-13,台光電,12,5730.0
2026-08-13,鴻海,9,270.0
2026-08-13,緯創,9,193.5
2026-08-13,奇鋐,9,2910.0
2026-08-13,奇鋐,15,3145.0
2026-08-13,聯發科,12,4220.0
2026-08-13,技嘉,12,390.5
2026-08-13,台光電,12,5755.0
2026-08-13,8996.TW,12,1285.0
2026-08-13,奇鋐,15,3200.0
2026-08-13,技嘉,15,393.5
2026-08-13,聯發科,12,4210.0
2026-08-13,台光電,12,5735.0
2026-08-13,8996.TW,12,1285.0
2026-08-13,聯發科,15,4225.0
2026-08-13,奇鋐,15,3200.0
2026-08-13,技嘉,15,393.5
2026-08-13,8996.TW,12,1285.0
2026-08-13,南亞科,12,514.0
2026-08-13,聯發科,15,4225.0
2026-08-13,奇鋐,15,3200.0
2026-08-13,技嘉,15,393.5
2026-08-13,8996.TW,12,1285.0
2026-08-13,南亞科,12,514.0
2026-08-13,聯發科,15,4225.0
2026-08-13,奇鋐,15,3200.0
2026-08-13,技嘉,15,393.5
2026-08-13,8996.TW,12,1285.0
2026-08-13,南亞科,12,514.0
2026-08-13,聯發科,15,4225.0
2026-08-13,奇鋐,15,3200.0
2026-08-13,技嘉,15,393.5
2026-08-13,8996.TW,12,1285.0
2026-08-13,南亞科,12,514.0
2026-08-13,聯發科,15,4225.0
2026-08-13,奇鋐,15,3200.0
2026-08-13,技嘉,15,393.5
2026-08-13,8996.TW,12,1285.0
2026-08-13,南亞科,12,514.0
2026-08-13,聯發科,15,4225.0
2026-08-13,奇鋐,15,3200.0
2026-08-13,技嘉,15,393.5
2026-08-13,8996.TW,12,1285.0
2026-08-13,南亞科,12,514.0
2026-08-13,聯發科,15,4225.0
2026-08-13,奇鋐,15,3200.0
2026-08-13,技嘉,15,393.5
2026-08-13,8996.TW,12,1285.0
2026-08-13,南亞科,12,514.0
2026-08-13,聯發科,15,4225.0
2026-08-13,奇鋐,15,3200.0
2026-08-13,技嘉,15,393.5
2026-08-13,8996.TW,12,1285.0
2026-08-13,南亞科,12,514.0
2026-08-14,技嘉,15,375.5
2026-08-14,台光電,12,5730.0
2026-08-14,鴻海,9,270.0
2026-08-14,緯創,9,193.5
2026-08-14,奇鋐,9,2910.0
2026-08-14,技嘉,15,375.5
2026-08-14,台光電,12,5730.0
2026-08-14,鴻海,9,270.0
2026-08-14,緯創,9,193.5
2026-08-14,奇鋐,9,2910.0
2026-08-14,技嘉,15,375.5
2026-08-14,台光電,12,5730.0
2026-08-14,鴻海,9,270.0
2026-08-14,緯創,9,193.5
2026-08-14,奇鋐,9,2910.0
2026-08-14,技嘉,15,375.5
2026-08-14,台光電,12,5730.0
2026-08-14,鴻海,9,270.0
2026-08-14,緯創,9,193.5
2026-08-14,奇鋐,9,2910.0
2026-08-14,技嘉,15,375.5
2026-08-14,台光電,12,5730.0
2026-08-14,鴻海,9,270.0
2026-08-14,緯創,9,193.5
2026-08-14,奇鋐,9,2910.0
2026-08-14,技嘉,15,375.5
2026-08-14,台光電,12,5730.0
2026-08-14,鴻海,9,270.0
2026-08-14,緯創,9,193.5
2026-08-14,奇鋐,9,2910.0
2026-08-14,聯發科,15,4225.0
2026-08-14,奇鋐,15,3200.0
2026-08-14,技嘉,15,393.5
2026-08-14,8996.TW,12,1285.0
2026-08-14,南亞科,12,514.0
2026-08-14,聯發科,15,4225.0
2026-08-14,奇鋐,15,3200.0
2026-08-14,技嘉,15,393.5
2026-08-14,8996.TW,12,1285.0
2026-08-14,南亞科,12,514.0
2026-08-14,聯發科,15,4225.0
2026-08-14,奇鋐,15,3200.0
2026-08-14,技嘉,15,393.5
2026-08-14,8996.TW,12,1285.0
2026-08-14,南亞科,12,514.0
2026-08-14,聯發科,15,4225.0
2026-08-14,奇鋐,15,3200.0
2026-08-14,技嘉,15,393.5
2026-08-14,8996.TW,12,1285.0
2026-08-14,南亞科,12,514.0
2026-08-14,奇鋐,12,3270.0
2026-08-14,技嘉,12,396.0
2026-08-14,台光電,12,6130.0
2026-08-14,8996.TW,12,1310.0
2026-08-14,萬海,12,89.6
2026-08-14,8996.TW,15,1295.0
2026-08-14,萬海,14,90.5
2026-08-14,奇鋐,12,3240.0
2026-08-14,台光電,12,6155.0
2026-08-14,聯發科,9,4240.0
2026-08-14,萬海,14,90.6
2026-08-14,奇鋐,12,3235.0
2026-08-14,台光電,12,6165.0
2026-08-14,8996.TW,12,1280.0
2026-08-14,技嘉,11,397.5
2026-08-14,萬海,14,90.6
2026-08-14,奇鋐,12,3235.0
2026-08-14,台光電,12,6165.0
2026-08-14,8996.TW,12,1280.0
2026-08-14,技嘉,11,397.5
2026-08-14,萬海,14,90.6
2026-08-14,奇鋐,12,3235.0
2026-08-14,台光電,12,6165.0
2026-08-14,8996.TW,12,1280.0
2026-08-14,技嘉,11,397.5
2026-08-14,萬海,14,90.6
2026-08-14,奇鋐,12,3235.0
2026-08-14,台光電,12,6165.0
2026-08-14,8996.TW,12,1280.0
2026-08-14,技嘉,11,397.5
2026-08-14,萬海,14,90.6
2026-08-14,奇鋐,12,3235.0
2026-08-14,台光電,12,6165.0
2026-08-14,8996.TW,12,1280.0
2026-08-14,技嘉,11,397.5
2026-08-14,萬海,14,90.6
2026-08-14,奇鋐,12,3235.0
2026-08-14,台光電,12,6165.0
2026-08-14,8996.TW,12,1280.0
2026-08-14,技嘉,11,397.5
2026-08-14,萬海,14,90.6
2026-08-14,奇鋐,12,3235.0
2026-08-14,台光電,12,6165.0
2026-08-14,8996.TW,12,1280.0
2026-08-14,技嘉,11,397.5
2026-08-14,萬海,14,90.6
2026-08-14,奇鋐,12,3235.0
2026-08-14,台光電,12,6165.0
2026-08-14,8996.TW,12,1280.0
2026-08-14,技嘉,11,397.5
2026-08-14,萬海,14,90.6
2026-08-14,奇鋐,12,3235.0
2026-08-14,台光電,12,6165.0
2026-08-14,8996.TW,12,1280.0
2026-08-14,技嘉,11,397.5
2026-08-15,聯發科,15,4225.0
2026-08-15,奇鋐,15,3200.0
2026-08-15,技嘉,15,393.5
2026-08-15,8996.TW,12,1285.0
2026-08-15,南亞科,12,514.0
2026-08-15,聯發科,15,4225.0
2026-08-15,奇鋐,15,3200.0
2026-08-15,技嘉,15,393.5
2026-08-15,8996.TW,12,1285.0
2026-08-15,南亞科,12,514.0
2026-08-15,聯發科,15,4225.0
2026-08-15,奇鋐,15,3200.0
2026-08-15,技嘉,15,393.5
2026-08-15,8996.TW,12,1285.0
2026-08-15,南亞科,12,514.0
2026-08-15,聯發科,15,4225.0
2026-08-15,奇鋐,15,3200.0
2026-08-15,技嘉,15,393.5
2026-08-15,8996.TW,12,1285.0
2026-08-15,南亞科,12,514.0
2026-08-15,聯發科,15,4225.0
2026-08-15,奇鋐,15,3200.0
2026-08-15,技嘉,15,393.5
2026-08-15,8996.TW,12,1285.0
2026-08-15,南亞科,12,514.0
2026-08-15,聯發科,15,4225.0
2026-08-15,奇鋐,15,3200.0
2026-08-15,技嘉,15,393.5
2026-08-15,8996.TW,12,1285.0
2026-08-15,南亞科,12,514.0
2026-08-15,聯發科,15,4225.0
2026-08-15,奇鋐,15,3200.0
2026-08-15,技嘉,15,393.5
2026-08-15,8996.TW,12,1285.0
2026-08-15,南亞科,12,514.0
2026-08-15,萬海,14,90.6
2026-08-15,奇鋐,12,3235.0
2026-08-15,台光電,12,6165.0
2026-08-15,8996.TW,12,1280.0
2026-08-15,技嘉,11,397.5
2026-08-15,聯發科,15,4225.0
2026-08-15,奇鋐,15,3200.0
2026-08-15,技嘉,15,393.5
2026-08-15,8996.TW,12,1285.0
2026-08-15,南亞科,12,514.0
2026-08-15,萬海,14,90.6
2026-08-15,奇鋐,12,3235.0
2026-08-15,台光電,12,6165.0
2026-08-15,8996.TW,12,1280.0
2026-08-15,技嘉,11,397.5
2026-08-15,聯發科,15,4225.0
2026-08-15,技嘉,15,393.5
2026-08-15,萬海,14,90.6
2026-08-15,奇鋐,12,3235.0
2026-08-15,台光電,12,6165.0
2026-08-15,奇鋐,15,3200.0
2026-08-15,萬海,14,90.6
2026-08-15,台光電,12,6165.0
2026-08-15,8996.TW,12,1280.0
2026-08-15,南亞科,12,514.0
2026-08-15,萬海,14,90.6
2026-08-15,奇鋐,12,3235.0
2026-08-15,台光電,12,6165.0
2026-08-15,8996.TW,12,1280.0
2026-08-15,技嘉,11,397.5
2026-08-15,萬海,14,90.6
2026-08-15,奇鋐,12,3235.0
2026-08-15,台光電,12,6165.0
2026-08-15,8996.TW,12,1280.0
2026-08-15,技嘉,11,397.5
2026-08-15,萬海,14,90.6
2026-08-15,奇鋐,12,3235.0
2026-08-15,台光電,12,6165.0
2026-08-15,8996.TW,12,1280.0
2026-08-15,技嘉,11,397.5
2026-08-15,萬海,14,90.6
2026-08-15,奇鋐,12,3235.0
2026-08-15,台光電,12,6165.0
2026-08-15,8996.TW,12,1280.0
2026-08-15,技嘉,11,397.5
2026-08-15,萬海,14,90.6
2026-08-15,奇鋐,12,3235.0
2026-08-15,台光電,12,6165.0
2026-08-15,8996.TW,12,1280.0
2026-08-15,技嘉,11,397.5
2026-08-15,萬海,14,90.6
2026-08-15,奇鋐,12,3235.0
2026-08-15,台光電,12,6165.0
2026-08-15,8996.TW,12,1280.0
2026-08-15,技嘉,11,397.5
2026-08-15,萬海,14,90.6
2026-08-15,奇鋐,12,3235.0
2026-08-15,台光電,12,6165.0
2026-08-15,8996.TW,12,1280.0
2026-08-15,技嘉,11,397.5
2026-08-15,萬海,14,90.6
2026-08-15,奇鋐,12,3235.0
2026-08-15,台光電,12,6165.0
2026-08-15,8996.TW,12,1280.0
2026-08-15,技嘉,11,397.5
2026-08-15,萬海,14,90.6
2026-08-15,奇鋐,12,3235.0
2026-08-15,台光電,12,6165.0
2026-08-15,8996.TW,12,1280.0
2026-08-15,技嘉,11,397.5
2026-08-15,萬海,14,90.6
2026-08-15,奇鋐,12,3235.0
2026-08-15,台光電,12,6165.0
2026-08-15,8996.TW,12,1280.0
2026-08-15,技嘉,11,397.5
2026-08-15,萬海,14,90.6
2026-08-15,奇鋐,12,3235.0
2026-08-15,台光電,12,6165.0
2026-08-15,8996.TW,12,1280.0
2026-08-15,技嘉,11,397.5
2026-08-15,萬海,14,90.6
2026-08-15,奇鋐,12,3235.0
2026-08-15,台光電,12,6165.0
2026-08-15,8996.TW,12,1280.0
2026-08-15,技嘉,11,397.5
2026-08-15,萬海,14,90.6
2026-08-15,奇鋐,12,3235.0
2026-08-15,台光電,12,6165.0
2026-08-15,8996.TW,12,1280.0
2026-08-15,技嘉,11,397.5
2026-08-15,萬海,14,90.6
2026-08-15,奇鋐,12,3235.0
2026-08-15,台光電,12,6165.0
2026-08-15,8996.TW,12,1280.0
2026-08-15,技嘉,11,397.5
2026-08-15,萬海,14,90.6
2026-08-15,奇鋐,12,3235.0
2026-08-15,台光電,12,6165.0
2026-08-15,8996.TW,12,1280.0
2026-08-15,技嘉,11,397.5
2026-08-15,萬海,14,90.6
2026-08-15,奇鋐,12,3235.0
2026-08-15,台光電,12,6165.0
2026-08-15,8996.TW,12,1280.0
2026-08-15,技嘉,11,397.5
2026-08-15,萬海,14,90.6
2026-08-15,奇鋐,12,3235.0
2026-08-15,台光電,12,6165.0
2026-08-15,8996.TW,12,1280.0
2026-08-15,技嘉,11,397.5
2026-08-15,萬海,14,90.6
2026-08-15,奇鋐,12,3235.0
2026-08-15,台光電,12,6165.0
2026-08-15,8996.TW,12,1280.0
2026-08-15,技嘉,11,397.5
2026-08-15,萬海,14,90.6
2026-08-15,奇鋐,12,3235.0
2026-08-15,台光電,12,6165.0
2026-08-15,8996.TW,12,1280.0
2026-08-15,技嘉,11,397.5
2026-08-15,萬海,14,90.6
2026-08-15,奇鋐,12,3235.0
2026-08-15,台光電,12,6165.0
2026-08-15,8996.TW,12,1280.0
2026-08-15,技嘉,11,397.5
2026-08-15,萬海,14,90.6
2026-08-15,奇鋐,12,3235.0
2026-08-15,台光電,12,6165.0
2026-08-15,8996.TW,12,1280.0
2026-08-15,技嘉,11,397.5
2026-08-15,萬海,14,90.6
2026-08-15,奇鋐,12,3235.0
2026-08-15,台光電,12,6165.0
2026-08-15,8996.TW,12,1280.0
2026-08-15,技嘉,11,397.5
2026-08-15,萬海,14,90.6
2026-08-15,奇鋐,12,3235.0
2026-08-15,台光電,12,6165.0
2026-08-15,8996.TW,12,1280.0
2026-08-15,技嘉,11,397.5
2026-08-15,萬海,14,90.6
2026-08-15,奇鋐,12,3235.0
2026-08-15,台光電,12,6165.0
2026-08-15,8996.TW,12,1280.0
2026-08-15,技嘉,11,397.5
2026-08-15,萬海,14,90.6
2026-08-15,奇鋐,12,3235.0
2026-08-15,台光電,12,6165.0
2026-08-15,8996.TW,12,1280.0
2026-08-15,技嘉,11,397.5
2026-08-15,萬海,14,90.6
2026-08-15,奇鋐,12,3235.0
2026-08-15,台光電,12,6165.0
2026-08-15,8996.TW,12,1280.0
2026-08-15,技嘉,11,397.5
2026-08-15,萬海,14,90.6
2026-08-15,奇鋐,12,3235.0
2026-08-15,台光電,12,6165.0
2026-08-15,8996.TW,12,1280.0
2026-08-15,技嘉,11,397.5
2026-08-15,萬海,14,90.6
2026-08-15,奇鋐,12,3235.0
2026-08-15,台光電,12,6165.0
2026-08-15,8996.TW,12,1280.0
2026-08-15,技嘉,11,397.5
2026-08-15,萬海,14,90.6
2026-08-15,奇鋐,12,3235.0
2026-08-15,台光電,12,6165.0
2026-08-15,8996.TW,12,1280.0
2026-08-15,技嘉,11,397.5
2026-08-16,萬海,14,90.6
2026-08-16,奇鋐,12,3235.0
2026-08-16,台光電,12,6165.0
2026-08-16,8996.TW,12,1280.0
2026-08-16,技嘉,11,397.5
2026-08-16,萬海,14,90.6
2026-08-16,奇鋐,12,3235.0
2026-08-16,台光電,12,6165.0
2026-08-16,8996.TW,12,1280.0
2026-08-16,技嘉,11,397.5
2026-08-16,萬海,14,90.6
2026-08-16,奇鋐,12,3235.0
2026-08-16,台光電,12,6165.0
2026-08-16,8996.TW,12,1280.0
2026-08-16,技嘉,11,397.5
2026-08-16,萬海,14,90.6
2026-08-16,奇鋐,12,3235.0
2026-08-16,台光電,12,6165.0
2026-08-16,8996.TW,12,1280.0
2026-08-16,技嘉,11,397.5
2026-08-16,萬海,14,90.6
2026-08-16,奇鋐,12,3235.0
2026-08-16,台光電,12,6165.0
2026-08-16,8996.TW,12,1280.0
2026-08-16,技嘉,11,397.5
2026-08-16,萬海,14,90.6
2026-08-16,奇鋐,12,3235.0
2026-08-16,台光電,12,6165.0
2026-08-16,8996.TW,12,1280.0
2026-08-16,技嘉,11,397.5
2026-08-16,萬海,14,90.6
2026-08-16,奇鋐,12,3235.0
2026-08-16,台光電,12,6165.0
2026-08-16,8996.TW,12,1280.0
2026-08-16,技嘉,11,397.5
2026-08-16,萬海,14,90.6
2026-08-16,奇鋐,12,3235.0
2026-08-16,台光電,12,6165.0
2026-08-16,8996.TW,12,1280.0
2026-08-16,技嘉,11,397.5
2026-08-16,萬海,14,90.6
2026-08-16,奇鋐,12,3235.0
2026-08-16,台光電,12,6165.0
2026-08-16,8996.TW,12,1280.0
2026-08-16,技嘉,11,397.5
2026-08-16,萬海,14,90.6
2026-08-16,奇鋐,12,3235.0
2026-08-16,台光電,12,6165.0
2026-08-16,8996.TW,12,1280.0
2026-08-16,技嘉,11,397.5
2026-08-16,萬海,14,90.6
2026-08-16,奇鋐,12,3235.0
2026-08-16,台光電,12,6165.0
2026-08-16,8996.TW,12,1280.0
2026-08-16,技嘉,11,397.5
2026-08-16,萬海,14,90.6
2026-08-16,奇鋐,12,3235.0
2026-08-16,台光電,12,6165.0
2026-08-16,8996.TW,12,1280.0
2026-08-16,技嘉,11,397.5
2026-08-16,萬海,14,90.6
2026-08-16,奇鋐,12,3235.0
2026-08-16,台光電,12,6165.0
2026-08-16,8996.TW,12,1280.0
2026-08-16,技嘉,11,397.5
2026-08-16,萬海,14,90.6
2026-08-16,奇鋐,12,3235.0
2026-08-16,台光電,12,6165.0
2026-08-16,8996.TW,12,1280.0
2026-08-16,技嘉,11,397.5
2026-08-16,萬海,14,90.6
2026-08-16,奇鋐,12,3235.0
2026-08-16,台光電,12,6165.0
2026-08-16,8996.TW,12,1280.0
2026-08-16,技嘉,11,397.5
2026-08-16,萬海,14,90.6
2026-08-16,奇鋐,12,3235.0
2026-08-16,台光電,12,6165.0
2026-08-16,8996.TW,12,1280.0
2026-08-16,技嘉,11,397.5
2026-08-16,萬海,14,90.6
2026-08-16,奇鋐,12,3235.0
2026-08-16,台光電,12,6165.0
2026-08-16,8996.TW,12,1280.0
2026-08-16,技嘉,11,397.5
2026-08-16,萬海,14,90.6
2026-08-16,奇鋐,12,3235.0
2026-08-16,台光電,12,6165.0
2026-08-16,8996.TW,12,1280.0
2026-08-16,技嘉,11,397.5
2026-08-16,萬海,14,90.6
2026-08-16,奇鋐,12,3235.0
2026-08-16,台光電,12,6165.0
2026-08-16,8996.TW,12,1280.0
2026-08-16,技嘉,11,397.5
2026-08-16,萬海,14,90.6
2026-08-16,奇鋐,12,3235.0
2026-08-16,台光電,12,6165.0
2026-08-16,8996.TW,12,1280.0
2026-08-16,技嘉,11,397.5
2026-08-16,萬海,14,90.6
2026-08-16,奇鋐,12,3235.0
2026-08-16,台光電,12,6165.0
2026-08-16,8996.TW,12,1280.0
2026-08-16,技嘉,11,397.5
2026-08-16,萬海,14,90.6
2026-08-16,奇鋐,12,3235.0
2026-08-16,台光電,12,6165.0
2026-08-16,8996.TW,12,1280.0
2026-08-16,技嘉,11,397.5
2026-08-16,萬海,14,90.6
2026-08-16,奇鋐,12,3235.0
2026-08-16,台光電,12,6165.0
2026-08-16,8996.TW,12,1280.0
2026-08-16,技嘉,11,397.5
2026-08-16,萬海,14,90.6
2026-08-16,奇鋐,12,3235.0
2026-08-16,台光電,12,6165.0
2026-08-16,8996.TW,12,1280.0
2026-08-16,技嘉,11,397.5
2026-08-16,萬海,14,90.6
2026-08-16,奇鋐,12,3235.0
2026-08-16,台光電,12,6165.0
2026-08-16,8996.TW,12,1280.0
2026-08-16,技嘉,11,397.5
2026-08-16,萬海,14,90.6
2026-08-16,奇鋐,12,3235.0
2026-08-16,台光電,12,6165.0
2026-08-16,8996.TW,12,1280.0
2026-08-16,技嘉,11,397.5
2026-08-16,萬海,14,90.6
2026-08-16,奇鋐,12,3235.0
2026-08-16,台光電,12,6165.0
2026-08-16,8996.TW,12,1280.0
2026-08-16,技嘉,11,397.5
2026-08-16,萬海,14,90.6
2026-08-16,奇鋐,12,3235.0
2026-08-16,台光電,12,6165.0
2026-08-16,8996.TW,12,1280.0
2026-08-16,技嘉,11,397.5
2026-08-16,萬海,14,90.6
2026-08-16,奇鋐,12,3235.0
2026-08-16,台光電,12,6165.0
2026-08-16,8996.TW,12,1280.0
2026-08-16,技嘉,11,397.5
2026-08-16,萬海,14,90.6
2026-08-16,奇鋐,12,3235.0
2026-08-16,台光電,12,6165.0
2026-08-16,8996.TW,12,1280.0
2026-08-16,技嘉,11,397.5
2026-08-16,萬海,14,90.6
2026-08-16,奇鋐,12,3235.0
2026-08-16,台光電,12,6165.0
2026-08-16,8996.TW,12,1280.0
2026-08-16,技嘉,11,397.5
2026-08-16,萬海,14,90.6
2026-08-16,奇鋐,12,3235.0
2026-08-16,台光電,12,6165.0
2026-08-16,8996.TW,12,1280.0
2026-08-16,技嘉,11,397.5
2026-08-16,萬海,14,90.6
2026-08-16,奇鋐,12,3235.0
2026-08-16,台光電,12,6165.0
2026-08-16,8996.TW,12,1280.0
2026-08-16,技嘉,11,397.5
2026-08-16,萬海,14,90.6
2026-08-16,奇鋐,12,3235.0
2026-08-16,台光電,12,6165.0
2026-08-16,8996.TW,12,1280.0
2026-08-16,技嘉,11,397.5
2026-08-16,萬海,14,90.6
2026-08-16,奇鋐,12,3235.0
2026-08-16,台光電,12,6165.0
2026-08-16,8996.TW,12,1280.0
2026-08-16,技嘉,11,397.5
2026-08-16,萬海,14,90.6
2026-08-16,奇鋐,12,3235.0
2026-08-16,台光電,12,6165.0
2026-08-16,8996.TW,12,1280.0
2026-08-16,技嘉,11,397.5
2026-08-16,萬海,14,90.6
2026-08-16,奇鋐,12,3235.0
2026-08-16,台光電,12,6165.0
2026-08-16,8996.TW,12,1280.0
2026-08-16,技嘉,11,397.5
2026-08-16,萬海,14,90.6
2026-08-16,奇鋐,12,3235.0
2026-08-16,台光電,12,6165.0
2026-08-16,8996.TW,12,1280.0
2026-08-16,技嘉,11,397.5
2026-08-16,萬海,14,90.6
2026-08-16,奇鋐,12,3235.0
2026-08-16,台光電,12,6165.0
2026-08-16,8996.TW,12,1280.0
2026-08-16,技嘉,11,397.5
2026-08-16,萬海,14,90.6
2026-08-16,奇鋐,12,3235.0
2026-08-16,台光電,12,6165.0
2026-08-16,8996.TW,12,1280.0
2026-08-16,技嘉,11,397.5
2026-08-16,萬海,14,90.6
2026-08-16,奇鋐,12,3235.0
2026-08-16,台光電,12,6165.0
2026-08-16,8996.TW,12,1280.0
2026-08-16,技嘉,11,397.5
2026-08-16,萬海,14,90.6
2026-08-16,奇鋐,12,3235.0
2026-08-16,台光電,12,6165.0
2026-08-16,8996.TW,12,1280.0
2026-08-16,技嘉,11,397.5
2026-08-16,萬海,14,90.6
2026-08-16,奇鋐,12,3235.0
2026-08-16,台光電,12,6165.0
2026-08-16,8996.TW,12,1280.0
2026-08-16,技嘉,11,397.5
2026-08-16,萬海,14,90.6
2026-08-16,奇鋐,12,3235.0
2026-08-16,台光電,12,6165.0
2026-08-16,8996.TW,12,1280.0
2026-08-16,技嘉,11,397.5
2026-08-16,萬海,14,90.6
2026-08-16,奇鋐,12,3235.0
2026-08-16,台光電,12,6165.0
2026-08-16,8996.TW,12,1280.0
2026-08-16,技嘉,11,397.5
2026-08-16,萬海,14,90.6
2026-08-16,奇鋐,12,3235.0
2026-08-16,台光電,12,6165.0
2026-08-16,8996.TW,12,1280.0
2026-08-16,技嘉,11,397.5
2026-08-17,萬海,14,90.6
2026-08-17,奇鋐,12,3235.0
2026-08-17,台光電,12,6165.0
2026-08-17,8996.TW,12,1280.0
2026-08-17,技嘉,11,397.5
2026-08-17,萬海,14,90.6
2026-08-17,奇鋐,12,3235.0
2026-08-17,台光電,12,6165.0
2026-08-17,8996.TW,12,1280.0
2026-08-17,技嘉,11,397.5
2026-08-17,萬海,14,90.6
2026-08-17,奇鋐,12,3235.0
2026-08-17,台光電,12,6165.0
2026-08-17,8996.TW,12,1280.0
2026-08-17,技嘉,11,397.5
2026-08-17,萬海,14,90.6
2026-08-17,奇鋐,12,3235.0
2026-08-17,台光電,12,6165.0
2026-08-17,8996.TW,12,1280.0
2026-08-17,技嘉,11,397.5
2026-08-17,萬海,14,90.6
2026-08-17,奇鋐,12,3235.0
2026-08-17,台光電,12,6165.0
2026-08-17,8996.TW,12,1280.0
2026-08-17,技嘉,11,397.5
2026-08-17,萬海,14,90.6
2026-08-17,奇鋐,12,3235.0
2026-08-17,台光電,12,6165.0
2026-08-17,8996.TW,12,1280.0
2026-08-17,技嘉,11,397.5
2026-08-17,萬海,14,90.6
2026-08-17,奇鋐,12,3235.0
2026-08-17,台光電,12,6165.0
2026-08-17,8996.TW,12,1280.0
2026-08-17,技嘉,11,397.5
2026-08-17,萬海,14,90.6
2026-08-17,奇鋐,12,3235.0
2026-08-17,台光電,12,6165.0
2026-08-17,8996.TW,12,1280.0
2026-08-17,技嘉,11,397.5
2026-08-17,萬海,14,90.6
2026-08-17,奇鋐,12,3235.0
2026-08-17,台光電,12,6165.0
2026-08-17,8996.TW,12,1280.0
2026-08-17,技嘉,11,397.5
2026-08-17,萬海,14,90.6
2026-08-17,奇鋐,12,3235.0
2026-08-17,台光電,12,6165.0
2026-08-17,8996.TW,12,1280.0
2026-08-17,技嘉,11,397.5
2026-08-17,萬海,14,90.6
2026-08-17,奇鋐,12,3235.0
2026-08-17,台光電,12,6165.0
2026-08-17,8996.TW,12,1280.0
2026-08-17,技嘉,11,397.5
2026-08-17,萬海,14,90.6
2026-08-17,奇鋐,12,3235.0
2026-08-17,台光電,12,6165.0
2026-08-17,8996.TW,12,1280.0
2026-08-17,技嘉,11,397.5
2026-08-17,萬海,14,90.6
2026-08-17,奇鋐,12,3235.0
2026-08-17,台光電,12,6165.0
2026-08-17,8996.TW,12,1280.0
2026-08-17,技嘉,11,397.5
2026-08-17,萬海,14,90.6
2026-08-17,奇鋐,12,3235.0
2026-08-17,台光電,12,6165.0
2026-08-17,8996.TW,12,1280.0
2026-08-17,技嘉,11,397.5
2026-08-17,萬海,14,90.6
2026-08-17,奇鋐,12,3235.0
2026-08-17,台光電,12,6165.0
2026-08-17,8996.TW,12,1280.0
2026-08-17,技嘉,11,397.5
2026-08-17,萬海,14,90.6
2026-08-17,奇鋐,12,3235.0
2026-08-17,台光電,12,6165.0
2026-08-17,8996.TW,12,1280.0
2026-08-17,技嘉,11,397.5
2026-08-17,萬海,14,90.6
2026-08-17,奇鋐,12,3235.0
2026-08-17,台光電,12,6165.0
2026-08-17,8996.TW,12,1280.0
2026-08-17,技嘉,11,397.5
2026-08-17,萬海,14,90.6
2026-08-17,奇鋐,12,3235.0
2026-08-17,台光電,12,6165.0
2026-08-17,8996.TW,12,1280.0
2026-08-17,技嘉,11,397.5
2026-08-17,萬海,14,90.6
2026-08-17,奇鋐,12,3235.0
2026-08-17,台光電,12,6165.0
2026-08-17,8996.TW,12,1280.0
2026-08-17,技嘉,11,397.5
2026-08-17,萬海,14,90.6
2026-08-17,奇鋐,12,3235.0
2026-08-17,台光電,12,6165.0
2026-08-17,8996.TW,12,1280.0
2026-08-17,技嘉,11,397.5
2026-08-17,陽明,12,53.1
2026-08-17,台光電,11,6220.0
2026-08-17,長榮,11,227.5
2026-08-17,萬海,11,95.6
2026-08-17,鴻海,9,258.5
2026-08-17,陽明,15,54.1
2026-08-17,長榮,14,229.5
2026-08-17,萬海,13,99.1
2026-08-17,台光電,10,6365.0
2026-08-17,鴻海,9,258.0
2026-08-17,陽明,15,54.3
2026-08-17,長榮,14,230.5
2026-08-17,萬海,13,99.5
2026-08-17,台光電,10,6390.0
2026-08-17,鴻海,9,257.0
2026-08-17,長榮,14,231.0
2026-08-17,陽明,14,54.5
2026-08-17,萬海,13,99.6
2026-08-17,台光電,10,6390.0
2026-08-17,鴻海,9,256.0
2026-08-17,長榮,14,230.5
2026-08-17,陽明,14,54.5
2026-08-17,萬海,13,99.6
2026-08-17,台光電,10,6395.0
2026-08-17,鴻海,9,256.5
2026-08-17,長榮,14,231.5
2026-08-17,陽明,14,54.7
2026-08-17,萬海,13,99.6
2026-08-17,技嘉,12,358.0
2026-08-17,台光電,10,6350.0
2026-08-17,長榮,14,231.5
2026-08-17,陽明,14,54.7
2026-08-17,萬海,13,99.6
2026-08-17,技嘉,12,358.0
2026-08-17,台光電,10,6350.0
2026-08-17,長榮,14,231.5
2026-08-17,陽明,14,54.7
2026-08-17,萬海,13,99.6
2026-08-17,技嘉,12,358.0
2026-08-17,台光電,10,6350.0
2026-08-17,長榮,14,231.5
2026-08-17,陽明,14,54.7
2026-08-17,萬海,13,99.6
2026-08-17,技嘉,12,358.0
2026-08-17,台光電,10,6350.0
2026-08-17,長榮,14,231.5
2026-08-17,陽明,14,54.7
2026-08-17,萬海,13,99.6
2026-08-17,技嘉,12,358.0
2026-08-17,台光電,10,6350.0
2026-08-17,長榮,14,231.5
2026-08-17,陽明,14,54.7
2026-08-17,萬海,13,99.6
2026-08-17,技嘉,12,358.0
2026-08-17,台光電,10,6350.0
2026-08-17,長榮,14,231.5
2026-08-17,陽明,14,54.7
2026-08-17,萬海,13,99.6
2026-08-17,技嘉,12,358.0
2026-08-17,台光電,10,6350.0
2026-08-17,長榮,14,231.5
2026-08-17,陽明,14,54.7
2026-08-17,萬海,13,99.6
2026-08-17,技嘉,12,358.0
2026-08-17,台光電,10,6350.0
2026-08-17,長榮,14,231.5
2026-08-17,陽明,14,54.7
2026-08-17,萬海,13,99.6
2026-08-17,技嘉,12,358.0
2026-08-17,台光電,10,6350.0
2026-08-17,長榮,14,231.5
2026-08-17,陽明,14,54.7
2026-08-17,萬海,13,99.6
2026-08-17,技嘉,12,358.0
2026-08-17,台光電,10,6350.0
2026-08-17,長榮,14,231.5
2026-08-17,陽明,14,54.7
2026-08-17,萬海,13,99.6
2026-08-17,技嘉,12,358.0
2026-08-17,台光電,10,6350.0
2026-08-17,長榮,14,231.5
2026-08-17,陽明,14,54.7
2026-08-17,萬海,13,99.6
2026-08-17,技嘉,12,358.0
2026-08-17,台光電,10,6350.0
2026-08-17,長榮,14,231.5
2026-08-17,陽明,14,54.7
2026-08-17,萬海,13,99.6
2026-08-17,技嘉,12,358.0
2026-08-17,台光電,10,6350.0
2026-08-17,長榮,14,231.5
2026-08-17,陽明,14,54.7
2026-08-17,萬海,13,99.6
2026-08-17,技嘉,12,358.0
2026-08-17,台光電,10,6350.0
2026-08-17,長榮,14,231.5
2026-08-17,陽明,14,54.7
2026-08-17,萬海,13,99.6
2026-08-17,技嘉,12,358.0
2026-08-17,台光電,10,6350.0
2026-08-17,長榮,14,231.5
2026-08-17,陽明,14,54.7
2026-08-17,萬海,13,99.6
2026-08-17,技嘉,12,358.0
2026-08-17,台光電,10,6350.0
2026-08-18,萬海,14,90.6
2026-08-18,奇鋐,12,3235.0
2026-08-18,台光電,12,6165.0
2026-08-18,8996.TW,12,1280.0
2026-08-18,技嘉,11,397.5
2026-08-18,萬海,14,90.6
2026-08-18,奇鋐,12,3235.0
2026-08-18,台光電,12,6165.0
2026-08-18,8996.TW,12,1280.0
2026-08-18,技嘉,11,397.5
2026-08-18,萬海,14,90.6
2026-08-18,奇鋐,12,3235.0
2026-08-18,台光電,12,6165.0
2026-08-18,8996.TW,12,1280.0
2026-08-18,技嘉,11,397.5
2026-08-18,萬海,14,90.6
2026-08-18,奇鋐,12,3235.0
2026-08-18,台光電,12,6165.0
2026-08-18,8996.TW,12,1280.0
2026-08-18,技嘉,11,397.5
2026-08-18,萬海,14,90.6
2026-08-18,奇鋐,12,3235.0
2026-08-18,台光電,12,6165.0
2026-08-18,8996.TW,12,1280.0
2026-08-18,技嘉,11,397.5
2026-08-18,萬海,14,90.6
2026-08-18,奇鋐,12,3235.0
2026-08-18,台光電,12,6165.0
2026-08-18,8996.TW,12,1280.0
2026-08-18,技嘉,11,397.5
2026-08-18,萬海,14,90.6
2026-08-18,奇鋐,12,3235.0
2026-08-18,台光電,12,6165.0
2026-08-18,8996.TW,12,1280.0
2026-08-18,技嘉,11,397.5
2026-08-18,萬海,14,90.6
2026-08-18,奇鋐,12,3235.0
2026-08-18,台光電,12,6165.0
2026-08-18,8996.TW,12,1280.0
2026-08-18,技嘉,11,397.5
2026-08-18,萬海,14,90.6
2026-08-18,奇鋐,12,3235.0
2026-08-18,台光電,12,6165.0
2026-08-18,8996.TW,12,1280.0
2026-08-18,技嘉,11,397.5
2026-08-18,萬海,14,90.6
2026-08-18,奇鋐,12,3235.0
2026-08-18,台光電,12,6165.0
2026-08-18,8996.TW,12,1280.0
2026-08-18,技嘉,11,397.5
2026-08-18,長榮,14,231.5
2026-08-18,陽明,14,54.7
2026-08-18,萬海,13,99.6
2026-08-18,台光電,10,6350.0
2026-08-18,鴻海,9,255.0
2026-08-18,長榮,14,231.5
2026-08-18,陽明,14,54.7
2026-08-18,萬海,13,99.6
2026-08-18,台光電,10,6350.0
2026-08-18,鴻海,9,255.0
2026-08-18,長榮,14,231.5
2026-08-18,陽明,14,54.7
2026-08-18,萬海,13,99.6
2026-08-18,台光電,10,6350.0
2026-08-18,鴻海,9,255.0
2026-08-18,長榮,14,231.5
2026-08-18,陽明,14,54.7
2026-08-18,萬海,13,99.6
2026-08-18,台光電,10,6350.0
2026-08-18,鴻海,9,255.0
2026-08-18,長榮,14,231.5
2026-08-18,陽明,14,54.7
2026-08-18,萬海,13,99.6
2026-08-18,台光電,10,6350.0
2026-08-18,鴻海,9,255.0
2026-08-18,長榮,14,231.5
2026-08-18,陽明,14,54.7
2026-08-18,萬海,13,99.6
2026-08-18,台光電,10,6350.0
2026-08-18,鴻海,9,255.0
2026-08-18,長榮,14,231.5
2026-08-18,陽明,14,54.7
2026-08-18,萬海,13,99.6
2026-08-18,台光電,10,6350.0
2026-08-18,鴻海,9,255.0
2026-08-18,萬海,13,105.0
2026-08-18,南亞科,11,543.0
2026-08-18,長榮,10,240.0
2026-08-18,陽明,10,56.6
2026-08-18,台積電,9,2400.0
2026-08-18,陽明,14,55.9
2026-08-18,萬海,13,101.5
2026-08-18,長榮,10,237.0
2026-08-18,台積電,9,2380.0
2026-08-18,聯發科,9,3920.0
2026-08-18,陽明,14,55.9
2026-08-18,萬海,13,102.5
2026-08-18,長榮,11,236.5
2026-08-18,台積電,9,2380.0
2026-08-18,聯發科,9,3885.0
2026-08-18,陽明,14,55.9
2026-08-18,萬海,13,102.5
2026-08-18,長榮,10,237.0
2026-08-18,台積電,9,2380.0
2026-08-18,聯發科,9,3905.0
2026-08-18,陽明,14,56.1
2026-08-18,萬海,13,104.0
2026-08-18,長榮,10,237.0
2026-08-18,台積電,9,2380.0
2026-08-18,聯發科,9,3915.0
2026-08-18,陽明,14,56.1
2026-08-18,長榮,13,238.0
2026-08-18,萬海,13,104.5
2026-08-18,台積電,9,2380.0
2026-08-18,聯發科,9,3895.0
2026-08-18,長榮,13,238.0
2026-08-18,陽明,13,56.2
2026-08-18,萬海,13,105.0
2026-08-18,台積電,9,2380.0
2026-08-18,聯發科,9,3885.0
2026-08-18,長榮,13,238.0
2026-08-18,陽明,13,56.2
2026-08-18,萬海,13,105.0
2026-08-18,台積電,9,2380.0
2026-08-18,聯發科,9,3885.0
2026-08-18,長榮,13,238.0
2026-08-18,陽明,13,56.2
2026-08-18,萬海,13,105.0
2026-08-18,台積電,9,2380.0
2026-08-18,聯發科,9,3885.0
2026-08-18,長榮,13,238.0
2026-08-18,陽明,13,56.2
2026-08-18,萬海,13,105.0
2026-08-18,台積電,9,2380.0
2026-08-18,聯發科,9,3885.0
2026-08-18,長榮,13,238.0
2026-08-18,陽明,13,56.2
2026-08-18,萬海,13,105.0
2026-08-18,台積電,9,2380.0
2026-08-18,聯發科,9,3885.0
2026-08-18,長榮,13,238.0
2026-08-18,陽明,13,56.2
2026-08-18,萬海,13,105.0
2026-08-18,台積電,9,2380.0
2026-08-18,聯發科,9,3885.0
2026-08-18,長榮,13,238.0
2026-08-18,陽明,13,56.2
2026-08-18,萬海,13,105.0
2026-08-18,台積電,9,2380.0
2026-08-18,聯發科,9,3885.0
2026-08-18,長榮,13,238.0
2026-08-18,陽明,13,56.2
2026-08-18,萬海,13,105.0
2026-08-18,台積電,9,2380.0
2026-08-18,聯發科,9,3885.0
2026-08-18,長榮,13,238.0
2026-08-18,陽明,13,56.2
2026-08-18,萬海,13,105.0
2026-08-18,台積電,9,2380.0
2026-08-18,聯發科,9,3885.0
2026-08-18,長榮,13,238.0
2026-08-18,陽明,13,56.2
2026-08-18,萬海,13,105.0
2026-08-18,台積電,9,2380.0
2026-08-18,聯發科,9,3885.0
2026-08-18,長榮,13,238.0
2026-08-18,陽明,13,56.2
2026-08-18,萬海,13,105.0
2026-08-18,台積電,9,2380.0
2026-08-18,聯發科,9,3885.0
2026-08-18,長榮,13,238.0
2026-08-18,陽明,13,56.2
2026-08-18,萬海,13,105.0
2026-08-18,台積電,9,2380.0
2026-08-18,聯發科,9,3885.0
2026-08-18,長榮,13,238.0
2026-08-18,陽明,13,56.2
2026-08-18,萬海,13,105.0
2026-08-18,台積電,9,2380.0
2026-08-18,聯發科,9,3885.0
2026-08-18,長榮,13,238.0
2026-08-18,陽明,13,56.2
2026-08-18,萬海,13,105.0
2026-08-18,台積電,9,2380.0
2026-08-18,聯發科,9,3885.0
2026-08-18,長榮,13,238.0
2026-08-18,陽明,13,56.2
2026-08-18,萬海,13,105.0
2026-08-18,台積電,9,2380.0
2026-08-18,聯發科,9,3885.0
2026-08-19,長榮,14,231.5
2026-08-19,陽明,14,54.7
2026-08-19,萬海,13,99.6
2026-08-19,台光電,10,6350.0
2026-08-19,鴻海,9,255.0
2026-08-19,長榮,14,231.5
2026-08-19,陽明,14,54.7
2026-08-19,萬海,13,99.6
2026-08-19,台光電,10,6350.0
2026-08-19,鴻海,9,255.0
2026-08-19,長榮,14,231.5
2026-08-19,陽明,14,54.7
2026-08-19,萬海,13,99.6
2026-08-19,台光電,10,6350.0
2026-08-19,鴻海,9,255.0
2026-08-19,長榮,14,231.5
2026-08-19,陽明,14,54.7
2026-08-19,萬海,13,99.6
2026-08-19,台光電,10,6350.0
2026-08-19,鴻海,9,255.0
2026-08-19,長榮,14,231.5
2026-08-19,陽明,14,54.7
2026-08-19,萬海,13,99.6
2026-08-19,台光電,10,6350.0
2026-08-19,鴻海,9,255.0
2026-08-19,長榮,14,231.5
2026-08-19,陽明,14,54.7
2026-08-19,萬海,13,99.6
2026-08-19,台光電,10,6350.0
2026-08-19,鴻海,9,255.0
2026-08-19,長榮,14,231.5
2026-08-19,陽明,14,54.7
2026-08-19,萬海,13,99.6
2026-08-19,台光電,10,6350.0
2026-08-19,鴻海,9,255.0
2026-08-19,長榮,14,231.5
2026-08-19,陽明,14,54.7
2026-08-19,萬海,13,99.6
2026-08-19,台光電,10,6350.0
2026-08-19,鴻海,9,255.0
2026-08-19,長榮,14,231.5
2026-08-19,陽明,14,54.7
2026-08-19,萬海,13,99.6
2026-08-19,台光電,10,6350.0
2026-08-19,鴻海,9,255.0
2026-08-19,長榮,14,231.5
2026-08-19,陽明,14,54.7
2026-08-19,萬海,13,99.6
2026-08-19,台光電,10,6350.0
2026-08-19,鴻海,9,255.0
2026-08-19,長榮,14,231.5
2026-08-19,陽明,14,54.7
2026-08-19,萬海,13,99.6
2026-08-19,台光電,10,6350.0
2026-08-19,鴻海,9,255.0
2026-08-19,長榮,13,238.0
2026-08-19,陽明,13,56.2
2026-08-19,萬海,13,99.6
2026-08-19,台積電,9,2380.0
2026-08-19,聯發科,9,3885.0
2026-08-19,長榮,13,238.0
2026-08-19,陽明,13,56.2
2026-08-19,萬海,13,105.0
2026-08-19,台積電,9,2380.0
2026-08-19,聯發科,9,3885.0
2026-08-19,長榮,13,238.0
2026-08-19,陽明,13,56.2
2026-08-19,萬海,13,105.0
2026-08-19,台積電,9,2380.0
2026-08-19,聯發科,9,3885.0
2026-08-19,長榮,13,238.0
2026-08-19,陽明,13,56.2
2026-08-19,萬海,13,105.0
2026-08-19,台積電,9,2380.0
2026-08-19,聯發科,9,3885.0
2026-08-19,長榮,13,238.0
2026-08-19,陽明,13,56.2
2026-08-19,萬海,13,105.0
2026-08-19,台積電,9,2380.0
2026-08-19,聯發科,9,3885.0
2026-08-19,長榮,13,238.0
2026-08-19,陽明,13,56.2
2026-08-19,萬海,13,105.0
2026-08-19,台積電,9,2380.0
2026-08-19,聯發科,9,3885.0
2026-08-19,長榮,13,238.0
2026-08-19,陽明,13,56.2
2026-08-19,萬海,13,105.0
2026-08-19,台積電,9,2380.0
2026-08-19,聯發科,9,3885.0
2026-08-19,台積電,9,2350.0
2026-08-19,聯發科,9,3835.0
2026-08-19,技嘉,9,345.5
2026-08-19,8996.TW,9,1120.0
2026-08-19,廣達,8,324.0
2026-08-19,台積電,9,2350.0
2026-08-19,聯發科,9,3840.0
2026-08-19,技嘉,9,348.0
2026-08-19,8996.TW,9,1130.0
2026-08-19,廣達,8,328.5
2026-08-19,陽明,10,57.8
2026-08-19,台積電,9,2350.0
2026-08-19,聯發科,9,3840.0
2026-08-19,技嘉,9,350.5
2026-08-19,8996.TW,9,1135.0
2026-08-19,陽明,10,58.6
2026-08-19,台積電,9,2340.0
2026-08-19,聯發科,9,3835.0
2026-08-19,技嘉,9,352.0
2026-08-19,8996.TW,9,1130.0
2026-08-19,陽明,13,58.4
2026-08-19,台積電,9,2340.0
2026-08-19,聯發科,9,3840.0
2026-08-19,技嘉,9,351.0
2026-08-19,8996.TW,9,1140.0
2026-08-19,陽明,13,59.0
2026-08-19,台積電,9,2350.0
2026-08-19,聯發科,9,3845.0
2026-08-19,技嘉,9,348.5
2026-08-19,8996.TW,9,1135.0
2026-08-19,陽明,13,59.0
2026-08-19,台積電,9,2350.0
2026-08-19,聯發科,9,3845.0
2026-08-19,技嘉,9,348.5
2026-08-19,8996.TW,9,1135.0
2026-08-19,陽明,13,59.0
2026-08-19,台積電,9,2350.0
2026-08-19,聯發科,9,3845.0
2026-08-19,技嘉,9,348.5
2026-08-19,8996.TW,9,1135.0
2026-08-19,陽明,13,59.0
2026-08-19,台積電,9,2350.0
2026-08-19,聯發科,9,3845.0
2026-08-19,技嘉,9,348.5
2026-08-19,8996.TW,9,1135.0
2026-08-19,陽明,13,59.0
2026-08-19,台積電,9,2350.0
2026-08-19,聯發科,9,3845.0
2026-08-19,技嘉,9,348.5
2026-08-19,8996.TW,9,1135.0
2026-08-19,陽明,13,59.0
2026-08-19,台積電,9,2350.0
2026-08-19,聯發科,9,3845.0
2026-08-19,技嘉,9,348.5
2026-08-19,8996.TW,9,1135.0
2026-08-19,陽明,13,59.0
2026-08-19,台積電,9,2350.0
2026-08-19,聯發科,9,3845.0
2026-08-19,技嘉,9,348.5
2026-08-19,8996.TW,9,1135.0
2026-08-19,陽明,13,59.0
2026-08-19,台積電,9,2350.0
2026-08-19,聯發科,9,3845.0
2026-08-19,技嘉,9,348.5
2026-08-19,8996.TW,9,1135.0
2026-08-19,陽明,13,59.0
2026-08-19,台積電,9,2350.0
2026-08-19,聯發科,9,3845.0
2026-08-19,技嘉,9,348.5
2026-08-19,8996.TW,9,1135.0
2026-08-19,陽明,13,59.0
2026-08-19,台積電,9,2350.0
2026-08-19,聯發科,9,3845.0
2026-08-19,技嘉,9,348.5
2026-08-19,8996.TW,9,1135.0
2026-08-19,陽明,13,59.0
2026-08-19,台積電,9,2350.0
2026-08-19,聯發科,9,3845.0
2026-08-19,技嘉,9,348.5
2026-08-19,8996.TW,9,1135.0
2026-08-19,陽明,13,59.0
2026-08-19,台積電,9,2350.0
2026-08-19,聯發科,9,3845.0
2026-08-19,技嘉,9,348.5
2026-08-19,8996.TW,9,1135.0
2026-08-19,陽明,13,59.0
2026-08-19,台積電,9,2350.0
2026-08-19,聯發科,9,3845.0
2026-08-19,技嘉,9,348.5
2026-08-19,8996.TW,9,1135.0
2026-08-19,陽明,13,59.0
2026-08-19,台積電,9,2350.0
2026-08-19,聯發科,9,3845.0
2026-08-19,技嘉,9,348.5
2026-08-19,8996.TW,9,1135.0
2026-08-19,陽明,13,59.0
2026-08-19,台積電,9,2350.0
2026-08-19,聯發科,9,3845.0
2026-08-19,技嘉,9,348.5
2026-08-19,8996.TW,9,1135.0
2026-08-19,陽明,13,59.0
2026-08-19,台積電,9,2350.0
2026-08-19,聯發科,9,3845.0
2026-08-19,技嘉,9,348.5
2026-08-19,8996.TW,9,1135.0
2026-08-20,長榮,13,238.0
2026-08-20,陽明,13,56.2
2026-08-20,萬海,13,105.0
2026-08-20,台積電,9,2380.0
2026-08-20,聯發科,9,3885.0
2026-08-20,長榮,13,238.0
2026-08-20,陽明,13,56.2
2026-08-20,萬海,13,105.0
2026-08-20,台積電,9,2380.0
2026-08-20,聯發科,9,3885.0
2026-08-20,長榮,13,238.0
2026-08-20,陽明,13,56.2
2026-08-20,萬海,13,105.0
2026-08-20,台積電,9,2380.0
2026-08-20,聯發科,9,3885.0
2026-08-20,長榮,13,238.0
2026-08-20,陽明,13,56.2
2026-08-20,萬海,13,105.0
2026-08-20,台積電,9,2380.0
2026-08-20,聯發科,9,3885.0
2026-08-20,長榮,13,238.0
2026-08-20,陽明,13,56.2
2026-08-20,萬海,13,105.0
2026-08-20,台積電,9,2380.0
2026-08-20,聯發科,9,3885.0
2026-08-20,長榮,13,238.0
2026-08-20,陽明,13,56.2
2026-08-20,萬海,13,105.0
2026-08-20,台積電,9,2380.0
2026-08-20,聯發科,9,3885.0
2026-08-20,長榮,13,238.0
2026-08-20,陽明,13,56.2
2026-08-20,萬海,13,105.0
2026-08-20,台積電,9,2380.0
2026-08-20,聯發科,9,3885.0
2026-08-20,長榮,13,238.0
2026-08-20,陽明,13,56.2
2026-08-20,萬海,13,105.0
2026-08-20,台積電,9,2380.0
2026-08-20,聯發科,9,3885.0
2026-08-20,長榮,13,238.0
2026-08-20,陽明,13,56.2
2026-08-20,萬海,13,105.0
2026-08-20,台積電,9,2380.0
2026-08-20,聯發科,9,3885.0
2026-08-20,長榮,13,238.0
2026-08-20,陽明,13,56.2
2026-08-20,萬海,13,105.0
2026-08-20,台積電,9,2380.0
2026-08-20,聯發科,9,3885.0
2026-08-20,長榮,13,238.0
2026-08-20,陽明,13,56.2
2026-08-20,萬海,13,105.0
2026-08-20,台積電,9,2380.0
2026-08-20,聯發科,9,3885.0
2026-08-20,陽明,13,59.0
2026-08-20,台積電,9,2350.0
2026-08-20,聯發科,9,3845.0
2026-08-20,技嘉,9,348.5
2026-08-20,8996.TW,9,1135.0
2026-08-20,陽明,13,59.0
2026-08-20,台積電,9,2350.0
2026-08-20,聯發科,9,3845.0
2026-08-20,技嘉,9,348.5
2026-08-20,8996.TW,9,1135.0
2026-08-20,陽明,13,59.0
2026-08-20,台積電,9,2350.0
2026-08-20,聯發科,9,3845.0
2026-08-20,技嘉,9,348.5
2026-08-20,8996.TW,9,1135.0
2026-08-20,陽明,13,59.0
2026-08-20,台積電,9,2350.0
2026-08-20,聯發科,9,3845.0
2026-08-20,技嘉,9,348.5
2026-08-20,8996.TW,9,1135.0
2026-08-20,陽明,13,59.0
2026-08-20,台積電,9,2350.0
2026-08-20,聯發科,9,3845.0
2026-08-20,技嘉,9,348.5
2026-08-20,8996.TW,9,1135.0
2026-08-20,陽明,13,59.0
2026-08-20,台積電,9,2350.0
2026-08-20,聯發科,9,3845.0
2026-08-20,技嘉,9,348.5
2026-08-20,8996.TW,9,1135.0
2026-08-20,長榮,10,243.5
2026-08-20,陽明,10,59.8
2026-08-20,萬海,10,108.5
2026-08-20,奇鋐,9,2975.0
2026-08-20,台光電,9,5835.0
2026-08-20,長榮,10,243.0
2026-08-20,廣達,9,326.5
2026-08-20,奇鋐,9,2955.0
2026-08-20,台光電,9,5875.0
2026-08-20,8996.TW,9,1110.0
2026-08-20,長榮,10,243.0
2026-08-20,廣達,9,326.0
2026-08-20,奇鋐,9,2940.0
2026-08-20,台光電,9,5870.0
2026-08-20,8996.TW,9,1100.0
2026-08-20,長榮,10,244.5
2026-08-20,陽明,10,59.7
2026-08-20,萬海,10,111.0
2026-08-20,廣達,9,326.5
2026-08-20,奇鋐,9,2960.0
2026-08-20,長榮,10,245.0
2026-08-20,陽明,10,60.0
2026-08-20,萬海,10,112.0
2026-08-20,廣達,9,326.0
2026-08-20,奇鋐,9,2945.0
2026-08-20,陽明,13,60.3
2026-08-20,長榮,10,246.0
2026-08-20,萬海,10,113.5
2026-08-20,奇鋐,9,2985.0
2026-08-20,8996.TW,9,1135.0
2026-08-20,陽明,13,60.3
2026-08-20,長榮,10,246.0
2026-08-20,萬海,10,113.5
2026-08-20,奇鋐,9,2985.0
2026-08-20,8996.TW,9,1135.0
2026-08-20,陽明,13,60.3
2026-08-20,長榮,10,246.0
2026-08-20,萬海,10,113.5
2026-08-20,奇鋐,9,2985.0
2026-08-20,8996.TW,9,1135.0
2026-08-20,陽明,13,60.3
2026-08-20,長榮,10,246.0
2026-08-20,萬海,10,113.5
2026-08-20,奇鋐,9,2985.0
2026-08-20,8996.TW,9,1135.0
2026-08-20,陽明,13,60.3
2026-08-20,長榮,10,246.0
2026-08-20,萬海,10,113.5
2026-08-20,奇鋐,9,2985.0
2026-08-20,8996.TW,9,1135.0
2026-08-20,陽明,13,60.3
2026-08-20,長榮,10,246.0
2026-08-20,萬海,10,113.5
2026-08-20,奇鋐,9,2985.0
2026-08-20,8996.TW,9,1135.0
2026-08-20,陽明,13,60.3
2026-08-20,長榮,10,246.0
2026-08-20,萬海,10,113.5
2026-08-20,奇鋐,9,2985.0
2026-08-20,8996.TW,9,1135.0
2026-08-20,陽明,13,60.3
2026-08-20,長榮,10,246.0
2026-08-20,萬海,10,113.5
2026-08-20,奇鋐,9,2985.0
2026-08-20,8996.TW,9,1135.0
2026-08-20,陽明,13,60.3
2026-08-20,長榮,10,246.0
2026-08-20,萬海,10,113.5
2026-08-20,奇鋐,9,2985.0
2026-08-20,8996.TW,9,1135.0
2026-08-20,陽明,13,60.3
2026-08-20,長榮,10,246.0
2026-08-20,萬海,10,113.5
2026-08-20,奇鋐,9,2985.0
2026-08-20,8996.TW,9,1135.0
2026-08-20,陽明,13,60.3
2026-08-20,長榮,10,246.0
2026-08-20,萬海,10,113.5
2026-08-20,奇鋐,9,2985.0
2026-08-20,8996.TW,9,1135.0
2026-08-20,陽明,13,60.3
2026-08-20,長榮,10,246.0
2026-08-20,萬海,10,113.5
2026-08-20,奇鋐,9,2985.0
2026-08-20,8996.TW,9,1135.0
2026-08-20,陽明,13,60.3
2026-08-20,長榮,10,246.0
2026-08-20,萬海,10,113.5
2026-08-20,奇鋐,9,2985.0
2026-08-20,8996.TW,9,1135.0
2026-08-20,陽明,13,60.3
2026-08-20,長榮,10,246.0
2026-08-20,萬海,10,113.5
2026-08-20,奇鋐,9,2985.0
2026-08-20,8996.TW,9,1135.0
2026-08-20,陽明,13,60.3
2026-08-20,長榮,10,246.0
2026-08-20,萬海,10,113.5
2026-08-20,奇鋐,9,2985.0
2026-08-20,8996.TW,9,1135.0
2026-08-21,陽明,13,59.0
2026-08-21,台積電,9,2350.0
2026-08-21,聯發科,9,3845.0
2026-08-21,技嘉,9,348.5
2026-08-21,8996.TW,9,1135.0
2026-08-21,陽明,13,59.0
2026-08-21,台積電,9,2350.0
2026-08-21,聯發科,9,3845.0
2026-08-21,技嘉,9,348.5
2026-08-21,8996.TW,9,1135.0
2026-08-21,陽明,13,59.0
2026-08-21,台積電,9,2350.0
2026-08-21,聯發科,9,3845.0
2026-08-21,技嘉,9,348.5
2026-08-21,8996.TW,9,1135.0
2026-08-21,陽明,13,59.0
2026-08-21,台積電,9,2350.0
2026-08-21,聯發科,9,3845.0
2026-08-21,技嘉,9,348.5
2026-08-21,8996.TW,9,1135.0
2026-08-21,陽明,13,59.0
2026-08-21,台積電,9,2350.0
2026-08-21,聯發科,9,3845.0
2026-08-21,技嘉,9,348.5
2026-08-21,8996.TW,9,1135.0
2026-08-21,陽明,13,59.0
2026-08-21,台積電,9,2350.0
2026-08-21,聯發科,9,3845.0
2026-08-21,技嘉,9,348.5
2026-08-21,8996.TW,9,1135.0
2026-08-21,陽明,13,59.0
2026-08-21,台積電,9,2350.0
2026-08-21,聯發科,9,3845.0
2026-08-21,技嘉,9,348.5
2026-08-21,8996.TW,9,1135.0
2026-08-21,陽明,13,59.0
2026-08-21,台積電,9,2350.0
2026-08-21,聯發科,9,3845.0
2026-08-21,技嘉,9,348.5
2026-08-21,8996.TW,9,1135.0
2026-08-21,陽明,13,59.0
2026-08-21,台積電,9,2350.0
2026-08-21,聯發科,9,3845.0
2026-08-21,技嘉,9,348.5
2026-08-21,8996.TW,9,1135.0
2026-08-21,陽明,13,59.0
2026-08-21,台積電,9,2350.0
2026-08-21,聯發科,9,3845.0
2026-08-21,技嘉,9,348.5
2026-08-21,8996.TW,9,1135.0
2026-08-21,陽明,13,60.3
2026-08-21,長榮,10,246.0
2026-08-21,萬海,10,113.5
2026-08-21,奇鋐,9,2985.0
2026-08-21,8996.TW,9,1135.0
2026-08-21,陽明,13,60.3
2026-08-21,長榮,10,246.0
2026-08-21,萬海,10,113.5
2026-08-21,奇鋐,9,2985.0
2026-08-21,8996.TW,9,1135.0
2026-08-21,陽明,13,60.3
2026-08-21,長榮,10,246.0
2026-08-21,萬海,10,113.5
2026-08-21,奇鋐,9,2985.0
2026-08-21,8996.TW,9,1135.0
2026-08-21,陽明,13,60.3
2026-08-21,長榮,10,246.0
2026-08-21,萬海,10,113.5
2026-08-21,奇鋐,9,2985.0
2026-08-21,8996.TW,9,1135.0
2026-08-21,陽明,13,60.3
2026-08-21,長榮,10,246.0
2026-08-21,萬海,10,113.5
2026-08-21,奇鋐,9,2985.0
2026-08-21,8996.TW,9,1135.0
2026-08-21,陽明,13,60.3
2026-08-21,長榮,10,246.0
2026-08-21,萬海,10,113.5
2026-08-21,奇鋐,9,2985.0
2026-08-21,8996.TW,9,1135.0
2026-08-21,長榮,10,249.5
2026-08-21,陽明,10,63.2
2026-08-21,萬海,10,122.0
2026-08-21,廣達,9,324.0
2026-08-21,奇鋐,9,2950.0
2026-08-21,長榮,10,251.5
2026-08-21,陽明,10,63.2
2026-08-21,萬海,10,123.5
2026-08-21,廣達,9,324.0
2026-08-21,奇鋐,9,2910.0
2026-08-21,長榮,10,252.0
2026-08-21,陽明,10,63.8
2026-08-21,萬海,10,124.5
2026-08-21,廣達,9,322.5
2026-08-21,奇鋐,9,2905.0
2026-08-21,長榮,10,251.5
2026-08-21,陽明,10,64.2
2026-08-21,萬海,10,124.5
2026-08-21,廣達,9,321.0
2026-08-21,奇鋐,9,2865.0
2026-08-21,長榮,10,250.0
2026-08-21,陽明,10,63.9
2026-08-21,萬海,10,124.5
2026-08-21,廣達,9,321.5
2026-08-21,奇鋐,9,2865.0
2026-08-21,陽明,13,64.0
2026-08-21,富邦金,12,134.0
2026-08-21,長榮,10,251.5
2026-08-21,萬海,10,124.5
2026-08-21,廣達,9,321.5
2026-08-21,陽明,13,64.0
2026-08-21,富邦金,12,134.0
2026-08-21,長榮,10,251.5
2026-08-21,萬海,10,124.5
2026-08-21,廣達,9,321.5
2026-08-21,陽明,13,64.0
2026-08-21,富邦金,12,134.0
2026-08-21,長榮,10,251.5
2026-08-21,萬海,10,124.5
2026-08-21,廣達,9,321.5
2026-08-21,陽明,13,64.0
2026-08-21,富邦金,12,134.0
2026-08-21,長榮,10,251.5
2026-08-21,萬海,10,124.5
2026-08-21,廣達,9,321.5
2026-08-21,陽明,13,64.0
2026-08-21,富邦金,12,134.0
2026-08-21,長榮,10,251.5
2026-08-21,萬海,10,124.5
2026-08-21,廣達,9,321.5
2026-08-21,陽明,13,64.0
2026-08-21,富邦金,12,134.0
2026-08-21,長榮,10,251.5
2026-08-21,萬海,10,124.5
2026-08-21,廣達,9,321.5
2026-08-21,陽明,13,64.0
2026-08-21,富邦金,12,134.0
2026-08-21,長榮,10,251.5
2026-08-21,萬海,10,124.5
2026-08-21,廣達,9,321.5
2026-08-21,陽明,13,64.0
2026-08-21,富邦金,12,134.0
2026-08-21,長榮,10,251.5
2026-08-21,萬海,10,124.5
2026-08-21,廣達,9,321.5
2026-08-21,陽明,13,64.0
2026-08-21,富邦金,12,134.0
2026-08-21,長榮,10,251.5
2026-08-21,萬海,10,124.5
2026-08-21,廣達,9,321.5
2026-08-21,陽明,13,64.0
2026-08-21,富邦金,12,134.0
2026-08-21,長榮,10,251.5
2026-08-21,萬海,10,124.5
2026-08-21,廣達,9,321.5
2026-08-21,陽明,13,64.0
2026-08-21,富邦金,12,134.0
2026-08-21,長榮,10,251.5
2026-08-21,萬海,10,124.5
2026-08-21,廣達,9,321.5
2026-08-21,陽明,13,64.0
2026-08-21,富邦金,12,134.0
2026-08-21,長榮,10,251.5
2026-08-21,萬海,10,124.5
2026-08-21,廣達,9,321.5
2026-08-21,陽明,13,64.0
2026-08-21,富邦金,12,134.0
2026-08-21,長榮,10,251.5
2026-08-21,萬海,10,124.5
2026-08-21,廣達,9,321.5
2026-08-21,陽明,13,64.0
2026-08-21,富邦金,12,134.0
2026-08-21,長榮,10,251.5
2026-08-21,萬海,10,124.5
2026-08-21,廣達,9,321.5
2026-08-21,陽明,13,64.0
2026-08-21,富邦金,12,134.0
2026-08-21,長榮,10,251.5
2026-08-21,萬海,10,124.5
2026-08-21,廣達,9,321.5
2026-08-22,陽明,13,60.3
2026-08-22,長榮,10,246.0
2026-08-22,萬海,10,113.5
2026-08-22,奇鋐,9,2985.0
2026-08-22,8996.TW,9,1135.0
2026-08-22,陽明,13,60.3
2026-08-22,長榮,10,246.0
2026-08-22,萬海,10,113.5
2026-08-22,奇鋐,9,2985.0
2026-08-22,8996.TW,9,1135.0
2026-08-22,陽明,13,60.3
2026-08-22,長榮,10,246.0
2026-08-22,萬海,10,113.5
2026-08-22,奇鋐,9,2985.0
2026-08-22,8996.TW,9,1135.0
2026-08-22,陽明,13,60.3
2026-08-22,長榮,10,246.0
2026-08-22,萬海,10,113.5
2026-08-22,奇鋐,9,2985.0
2026-08-22,8996.TW,9,1135.0
2026-08-22,陽明,13,60.3
2026-08-22,長榮,10,246.0
2026-08-22,萬海,10,113.5
2026-08-22,奇鋐,9,2985.0
2026-08-22,8996.TW,9,1135.0
2026-08-22,陽明,13,60.3
2026-08-22,長榮,10,246.0
2026-08-22,萬海,10,113.5
2026-08-22,奇鋐,9,2985.0
2026-08-22,8996.TW,9,1135.0
2026-08-22,陽明,13,60.3
2026-08-22,長榮,10,246.0
2026-08-22,萬海,10,113.5
2026-08-22,奇鋐,9,2985.0
2026-08-22,8996.TW,9,1135.0
2026-08-22,陽明,13,60.3
2026-08-22,長榮,10,246.0
2026-08-22,萬海,10,113.5
2026-08-22,奇鋐,9,2985.0
2026-08-22,8996.TW,9,1135.0
2026-08-22,陽明,13,60.3
2026-08-22,長榮,10,246.0
2026-08-22,萬海,10,113.5
2026-08-22,奇鋐,9,2985.0
2026-08-22,8996.TW,9,1135.0
2026-08-22,陽明,13,60.3
2026-08-22,長榮,10,246.0
2026-08-22,萬海,10,113.5
2026-08-22,奇鋐,9,2985.0
2026-08-22,8996.TW,9,1135.0
2026-08-22,陽明,13,64.0
2026-08-22,富邦金,12,134.0
2026-08-22,長榮,10,251.5
2026-08-22,萬海,10,124.5
2026-08-22,廣達,9,321.5
2026-08-22,陽明,13,64.0
2026-08-22,富邦金,12,134.0
2026-08-22,長榮,10,251.5
2026-08-22,萬海,10,124.5
2026-08-22,廣達,9,321.5
2026-08-22,陽明,13,64.0
2026-08-22,富邦金,12,134.0
2026-08-22,長榮,10,251.5
2026-08-22,萬海,10,124.5
2026-08-22,廣達,9,321.5
2026-08-22,陽明,13,64.0
2026-08-22,富邦金,12,134.0
2026-08-22,長榮,10,251.5
2026-08-22,萬海,10,124.5
2026-08-22,廣達,9,321.5
2026-08-22,陽明,13,64.0
2026-08-22,富邦金,12,134.0
2026-08-22,長榮,10,251.5
2026-08-22,萬海,10,124.5
2026-08-22,廣達,9,321.5
2026-08-22,陽明,13,64.0
2026-08-22,富邦金,12,134.0
2026-08-22,長榮,10,251.5
2026-08-22,萬海,10,124.5
2026-08-22,廣達,9,321.5
2026-08-22,陽明,13,64.0
2026-08-22,富邦金,12,134.0
2026-08-22,長榮,10,251.5
2026-08-22,萬海,10,124.5
2026-08-22,廣達,9,321.5
2026-08-22,陽明,13,64.0
2026-08-22,富邦金,12,134.0
2026-08-22,長榮,10,251.5
2026-08-22,萬海,10,124.5
2026-08-22,廣達,9,321.5
2026-08-22,陽明,13,64.0
2026-08-22,富邦金,12,134.0
2026-08-22,長榮,10,251.5
2026-08-22,萬海,10,124.5
2026-08-22,廣達,9,321.5
2026-08-22,陽明,13,64.0
2026-08-22,富邦金,12,134.0
2026-08-22,長榮,10,251.5
2026-08-22,萬海,10,124.5
2026-08-22,廣達,9,321.5
2026-08-22,陽明,13,64.0
2026-08-22,富邦金,12,134.0
2026-08-22,長榮,10,251.5
2026-08-22,萬海,10,124.5
2026-08-22,廣達,9,321.5
2026-08-22,陽明,13,64.0
2026-08-22,富邦金,12,134.0
2026-08-22,長榮,10,251.5
2026-08-22,萬海,10,124.5
2026-08-22,廣達,9,321.5
2026-08-22,陽明,13,64.0
2026-08-22,富邦金,12,134.0
2026-08-22,長榮,10,251.5
2026-08-22,萬海,10,124.5
2026-08-22,廣達,9,321.5
2026-08-22,陽明,13,64.0
2026-08-22,富邦金,12,134.0
2026-08-22,長榮,10,251.5
2026-08-22,萬海,10,124.5
2026-08-22,廣達,9,321.5
2026-08-22,陽明,13,64.0
2026-08-22,富邦金,12,134.0
2026-08-22,長榮,10,251.5
2026-08-22,萬海,10,124.5
2026-08-22,廣達,9,321.5
2026-08-22,陽明,13,64.0
2026-08-22,富邦金,12,134.0
2026-08-22,長榮,10,251.5
2026-08-22,萬海,10,124.5
2026-08-22,廣達,9,321.5
2026-08-22,陽明,13,64.0
2026-08-22,富邦金,12,134.0
2026-08-22,長榮,10,251.5
2026-08-22,萬海,10,124.5
2026-08-22,廣達,9,321.5
2026-08-22,陽明,13,64.0
2026-08-22,富邦金,12,134.0
2026-08-22,長榮,10,251.5
2026-08-22,萬海,10,124.5
2026-08-22,廣達,9,321.5
2026-08-22,陽明,13,64.0
2026-08-22,富邦金,12,134.0
2026-08-22,長榮,10,251.5
2026-08-22,萬海,10,124.5
2026-08-22,廣達,9,321.5
2026-08-22,陽明,13,64.0
2026-08-22,富邦金,12,134.0
2026-08-22,長榮,10,251.5
2026-08-22,萬海,10,124.5
2026-08-22,廣達,9,321.5
2026-08-22,陽明,13,64.0
2026-08-22,富邦金,12,134.0
2026-08-22,長榮,10,251.5
2026-08-22,萬海,10,124.5
2026-08-22,廣達,9,321.5
2026-08-22,陽明,13,64.0
2026-08-22,富邦金,12,134.0
2026-08-22,長榮,10,251.5
2026-08-22,萬海,10,124.5
2026-08-22,廣達,9,321.5
2026-08-22,陽明,13,64.0
2026-08-22,富邦金,12,134.0
2026-08-22,長榮,10,251.5
2026-08-22,萬海,10,124.5
2026-08-22,廣達,9,321.5
2026-08-22,陽明,13,64.0
2026-08-22,富邦金,12,134.0
2026-08-22,長榮,10,251.5
2026-08-22,萬海,10,124.5
2026-08-22,廣達,9,321.5
2026-08-22,陽明,13,64.0
2026-08-22,富邦金,12,134.0
2026-08-22,長榮,10,251.5
2026-08-22,萬海,10,124.5
2026-08-22,廣達,9,321.5
2026-08-22,陽明,13,64.0
2026-08-22,富邦金,12,134.0
2026-08-22,長榮,10,251.5
2026-08-22,萬海,10,124.5
2026-08-22,廣達,9,321.5
2026-08-22,陽明,13,64.0
2026-08-22,富邦金,12,134.0
2026-08-22,長榮,10,251.5
2026-08-22,萬海,10,124.5
2026-08-22,廣達,9,321.5
2026-08-22,陽明,13,64.0
2026-08-22,富邦金,12,134.0
2026-08-22,長榮,10,251.5
2026-08-22,萬海,10,124.5
2026-08-22,廣達,9,321.5
2026-08-22,陽明,13,64.0
2026-08-22,富邦金,12,134.0
2026-08-22,長榮,10,251.5
2026-08-22,萬海,10,124.5
2026-08-22,廣達,9,321.5
2026-08-22,陽明,13,64.0
2026-08-22,富邦金,12,134.0
2026-08-22,長榮,10,251.5
2026-08-22,萬海,10,124.5
2026-08-22,廣達,9,321.5
2026-08-22,陽明,13,64.0
2026-08-22,富邦金,12,134.0
2026-08-22,長榮,10,251.5
2026-08-22,萬海,10,124.5
2026-08-22,廣達,9,321.5
2026-08-22,陽明,13,64.0
2026-08-22,富邦金,12,134.0
2026-08-22,長榮,10,251.5
2026-08-22,萬海,10,124.5
2026-08-22,廣達,9,321.5
2026-08-22,陽明,13,64.0
2026-08-22,富邦金,12,134.0
2026-08-22,長榮,10,251.5
2026-08-22,萬海,10,124.5
2026-08-22,廣達,9,321.5
2026-08-22,陽明,13,64.0
2026-08-22,富邦金,12,134.0
2026-08-22,長榮,10,251.5
2026-08-22,萬海,10,124.5
2026-08-22,廣達,9,321.5
2026-08-23,陽明,13,64.0
2026-08-23,富邦金,12,134.0
2026-08-23,長榮,10,251.5
2026-08-23,萬海,10,124.5
2026-08-23,廣達,9,321.5
2026-08-23,陽明,13,64.0
2026-08-23,富邦金,12,134.0
2026-08-23,長榮,10,251.5
2026-08-23,萬海,10,124.5
2026-08-23,廣達,9,321.5
2026-08-23,陽明,13,64.0
2026-08-23,富邦金,12,134.0
2026-08-23,長榮,10,251.5
2026-08-23,萬海,10,124.5
2026-08-23,廣達,9,321.5
2026-08-23,陽明,13,64.0
2026-08-23,富邦金,12,134.0
2026-08-23,長榮,10,251.5
2026-08-23,萬海,10,124.5
2026-08-23,廣達,9,321.5
2026-08-23,陽明,13,64.0
2026-08-23,富邦金,12,134.0
2026-08-23,長榮,10,251.5
2026-08-23,萬海,10,124.5
2026-08-23,廣達,9,321.5
2026-08-23,陽明,13,64.0
2026-08-23,富邦金,12,134.0
2026-08-23,長榮,10,251.5
2026-08-23,萬海,10,124.5
2026-08-23,廣達,9,321.5
2026-08-23,陽明,13,64.0
2026-08-23,富邦金,12,134.0
2026-08-23,長榮,10,251.5
2026-08-23,萬海,10,124.5
2026-08-23,廣達,9,321.5
2026-08-23,陽明,13,64.0
2026-08-23,富邦金,12,134.0
2026-08-23,長榮,10,251.5
2026-08-23,萬海,10,124.5
2026-08-23,廣達,9,321.5
2026-08-23,陽明,13,64.0
2026-08-23,富邦金,12,134.0
2026-08-23,長榮,10,251.5
2026-08-23,萬海,10,124.5
2026-08-23,廣達,9,321.5
2026-08-23,陽明,13,64.0
2026-08-23,富邦金,12,134.0
2026-08-23,長榮,10,251.5
2026-08-23,萬海,10,124.5
2026-08-23,廣達,9,321.5
2026-08-23,陽明,13,64.0
2026-08-23,富邦金,12,134.0
2026-08-23,長榮,10,251.5
2026-08-23,萬海,10,124.5
2026-08-23,廣達,9,321.5
2026-08-23,陽明,13,64.0
2026-08-23,富邦金,12,134.0
2026-08-23,長榮,10,251.5
2026-08-23,萬海,10,124.5
2026-08-23,廣達,9,321.5
2026-08-23,陽明,13,64.0
2026-08-23,富邦金,12,134.0
2026-08-23,長榮,10,251.5
2026-08-23,萬海,10,124.5
2026-08-23,廣達,9,321.5
2026-08-23,陽明,13,64.0
2026-08-23,富邦金,12,134.0
2026-08-23,長榮,10,251.5
2026-08-23,萬海,10,124.5
2026-08-23,廣達,9,321.5
2026-08-23,陽明,13,64.0
2026-08-23,富邦金,12,134.0
2026-08-23,長榮,10,251.5
2026-08-23,萬海,10,124.5
2026-08-23,廣達,9,321.5
2026-08-23,陽明,13,64.0
2026-08-23,富邦金,12,134.0
2026-08-23,長榮,10,251.5
2026-08-23,萬海,10,124.5
2026-08-23,廣達,9,321.5
2026-08-23,陽明,13,64.0
2026-08-23,富邦金,12,134.0
2026-08-23,長榮,10,251.5
2026-08-23,萬海,10,124.5
2026-08-23,廣達,9,321.5
2026-08-23,陽明,13,64.0
2026-08-23,富邦金,12,134.0
2026-08-23,長榮,10,251.5
2026-08-23,萬海,10,124.5
2026-08-23,廣達,9,321.5
2026-08-23,陽明,13,64.0
2026-08-23,富邦金,12,134.0
2026-08-23,長榮,10,251.5
2026-08-23,萬海,10,124.5
2026-08-23,廣達,9,321.5
2026-08-23,陽明,13,64.0
2026-08-23,富邦金,12,134.0
2026-08-23,長榮,10,251.5
2026-08-23,萬海,10,124.5
2026-08-23,廣達,9,321.5
2026-08-23,陽明,13,64.0
2026-08-23,富邦金,12,134.0
2026-08-23,長榮,10,251.5
2026-08-23,萬海,10,124.5
2026-08-23,廣達,9,321.5
2026-08-23,陽明,13,64.0
2026-08-23,富邦金,12,134.0
2026-08-23,長榮,10,251.5
2026-08-23,萬海,10,124.5
2026-08-23,廣達,9,321.5
2026-08-23,陽明,13,64.0
2026-08-23,富邦金,12,134.0
2026-08-23,長榮,10,251.5
2026-08-23,萬海,10,124.5
2026-08-23,廣達,9,321.5
2026-08-23,陽明,13,64.0
2026-08-23,富邦金,12,134.0
2026-08-23,長榮,10,251.5
2026-08-23,萬海,10,124.5
2026-08-23,廣達,9,321.5
2026-08-23,陽明,13,64.0
2026-08-23,富邦金,12,134.0
2026-08-23,長榮,10,251.5
2026-08-23,萬海,10,124.5
2026-08-23,廣達,9,321.5
2026-08-23,陽明,13,64.0
2026-08-23,富邦金,12,134.0
2026-08-23,長榮,10,251.5
2026-08-23,萬海,10,124.5
2026-08-23,廣達,9,321.5
2026-08-23,陽明,13,64.0
2026-08-23,富邦金,12,134.0
2026-08-23,長榮,10,251.5
2026-08-23,萬海,10,124.5
2026-08-23,廣達,9,321.5
2026-08-23,陽明,13,64.0
2026-08-23,富邦金,12,134.0
2026-08-23,長榮,10,251.5
2026-08-23,萬海,10,124.5
2026-08-23,廣達,9,321.5
2026-08-23,陽明,13,64.0
2026-08-23,富邦金,12,134.0
2026-08-23,長榮,10,251.5
2026-08-23,萬海,10,124.5
2026-08-23,廣達,9,321.5
2026-08-23,陽明,13,64.0
2026-08-23,富邦金,12,134.0
2026-08-23,長榮,10,251.5
2026-08-23,萬海,10,124.5
2026-08-23,廣達,9,321.5
2026-08-23,陽明,13,64.0
2026-08-23,富邦金,12,134.0
2026-08-23,長榮,10,251.5
2026-08-23,萬海,10,124.5
2026-08-23,廣達,9,321.5
2026-08-23,陽明,13,64.0
2026-08-23,富邦金,12,134.0
2026-08-23,長榮,10,251.5
2026-08-23,萬海,10,124.5
2026-08-23,廣達,9,321.5
2026-08-23,陽明,13,64.0
2026-08-23,富邦金,12,134.0
2026-08-23,長榮,10,251.5
2026-08-23,萬海,10,124.5
2026-08-23,廣達,9,321.5
2026-08-23,陽明,13,64.0
2026-08-23,富邦金,12,134.0
2026-08-23,長榮,10,251.5
2026-08-23,萬海,10,124.5
2026-08-23,廣達,9,321.5
2026-08-23,陽明,13,64.0
2026-08-23,富邦金,12,134.0
2026-08-23,長榮,10,251.5
2026-08-23,萬海,10,124.5
2026-08-23,廣達,9,321.5
2026-08-23,陽明,13,64.0
2026-08-23,富邦金,12,134.0
2026-08-23,長榮,10,251.5
2026-08-23,萬海,10,124.5
2026-08-23,廣達,9,321.5
2026-08-23,陽明,13,64.0
2026-08-23,富邦金,12,134.0
2026-08-23,長榮,10,251.5
2026-08-23,萬海,10,124.5
2026-08-23,廣達,9,321.5
2026-08-23,陽明,13,64.0
2026-08-23,富邦金,12,134.0
2026-08-23,長榮,10,251.5
2026-08-23,萬海,10,124.5
2026-08-23,廣達,9,321.5
2026-08-23,陽明,13,64.0
2026-08-23,富邦金,12,134.0
2026-08-23,長榮,10,251.5
2026-08-23,萬海,10,124.5
2026-08-23,廣達,9,321.5
2026-08-23,陽明,13,64.0
2026-08-23,富邦金,12,134.0
2026-08-23,長榮,10,251.5
2026-08-23,萬海,10,124.5
2026-08-23,廣達,9,321.5
2026-08-23,陽明,13,64.0
2026-08-23,富邦金,12,134.0
2026-08-23,長榮,10,251.5
2026-08-23,萬海,10,124.5
2026-08-23,廣達,9,321.5
2026-08-23,陽明,13,64.0
2026-08-23,富邦金,12,134.0
2026-08-23,長榮,10,251.5
2026-08-23,萬海,10,124.5
2026-08-23,廣達,9,321.5
2026-08-23,陽明,13,64.0
2026-08-23,富邦金,12,134.0
2026-08-23,長榮,10,251.5
2026-08-23,萬海,10,124.5
2026-08-23,廣達,9,321.5
2026-08-23,陽明,13,64.0
2026-08-23,富邦金,12,134.0
2026-08-23,長榮,10,251.5
2026-08-23,萬海,10,124.5
2026-08-23,廣達,9,321.5
2026-08-24,陽明,13,64.0
2026-08-24,富邦金,12,134.0
2026-08-24,長榮,10,251.5
2026-08-24,萬海,10,124.5
2026-08-24,廣達,9,321.5
2026-08-24,陽明,13,64.0
2026-08-24,富邦金,12,134.0
2026-08-24,長榮,10,251.5
2026-08-24,萬海,10,124.5
2026-08-24,廣達,9,321.5
2026-08-24,陽明,13,64.0
2026-08-24,富邦金,12,134.0
2026-08-24,長榮,10,251.5
2026-08-24,萬海,10,124.5
2026-08-24,廣達,9,321.5
2026-08-24,陽明,13,64.0
2026-08-24,富邦金,12,134.0
2026-08-24,長榮,10,251.5
2026-08-24,萬海,10,124.5
2026-08-24,廣達,9,321.5
2026-08-24,陽明,13,64.0
2026-08-24,富邦金,12,134.0
2026-08-24,長榮,10,251.5
2026-08-24,萬海,10,124.5
2026-08-24,廣達,9,321.5
2026-08-24,陽明,13,64.0
2026-08-24,富邦金,12,134.0
2026-08-24,長榮,10,251.5
2026-08-24,萬海,10,124.5
2026-08-24,廣達,9,321.5
2026-08-24,陽明,13,64.0
2026-08-24,富邦金,12,134.0
2026-08-24,長榮,10,251.5
2026-08-24,萬海,10,124.5
2026-08-24,廣達,9,321.5
2026-08-24,陽明,13,64.0
2026-08-24,富邦金,12,134.0
2026-08-24,長榮,10,251.5
2026-08-24,萬海,10,124.5
2026-08-24,廣達,9,321.5
2026-08-24,陽明,13,64.0
2026-08-24,富邦金,12,134.0
2026-08-24,長榮,10,251.5
2026-08-24,萬海,10,124.5
2026-08-24,廣達,9,321.5
2026-08-24,陽明,13,64.0
2026-08-24,富邦金,12,134.0
2026-08-24,長榮,10,251.5
2026-08-24,萬海,10,124.5
2026-08-24,廣達,9,321.5
2026-08-24,陽明,13,64.0
2026-08-24,富邦金,12,134.0
2026-08-24,長榮,10,251.5
2026-08-24,萬海,10,124.5
2026-08-24,廣達,9,321.5
2026-08-24,陽明,13,64.0
2026-08-24,富邦金,12,134.0
2026-08-24,長榮,10,251.5
2026-08-24,萬海,10,124.5
2026-08-24,廣達,9,321.5
2026-08-24,陽明,13,64.0
2026-08-24,富邦金,12,134.0
2026-08-24,長榮,10,251.5
2026-08-24,萬海,10,124.5
2026-08-24,廣達,9,321.5
2026-08-24,陽明,13,64.0
2026-08-24,富邦金,12,134.0
2026-08-24,長榮,10,251.5
2026-08-24,萬海,10,124.5
2026-08-24,廣達,9,321.5
2026-08-24,陽明,13,64.0
2026-08-24,富邦金,12,134.0
2026-08-24,長榮,10,251.5
2026-08-24,萬海,10,124.5
2026-08-24,廣達,9,321.5
2026-08-24,陽明,13,64.0
2026-08-24,富邦金,12,134.0
2026-08-24,長榮,10,251.5
2026-08-24,萬海,10,124.5
2026-08-24,廣達,9,321.5
2026-08-24,陽明,13,64.0
2026-08-24,富邦金,12,134.0
2026-08-24,長榮,10,251.5
2026-08-24,萬海,10,124.5
2026-08-24,廣達,9,321.5
2026-08-24,陽明,13,64.0
2026-08-24,富邦金,12,134.0
2026-08-24,長榮,10,251.5
2026-08-24,萬海,10,124.5
2026-08-24,廣達,9,321.5
2026-08-24,陽明,13,64.0
2026-08-24,富邦金,12,134.0
2026-08-24,長榮,10,251.5
2026-08-24,萬海,10,124.5
2026-08-24,廣達,9,321.5
2026-08-24,長榮,10,256.0
2026-08-24,陽明,10,66.0
2026-08-24,萬海,10,128.0
2026-08-24,台積電,9,2400.0
2026-08-24,廣達,9,322.0
2026-08-24,陽明,10,65.0
2026-08-24,萬海,10,125.5
2026-08-24,台積電,9,2395.0
2026-08-24,廣達,9,324.0
2026-08-24,奇鋐,9,2920.0
2026-08-24,萬海,10,126.0
2026-08-24,台積電,9,2395.0
2026-08-24,廣達,9,323.5
2026-08-24,南亞科,9,516.0
2026-08-24,長榮,7,252.5
2026-08-24,廣達,9,324.5
2026-08-24,南亞科,9,508.0
2026-08-24,長榮,7,250.0
2026-08-24,陽明,7,64.3
2026-08-24,萬海,7,124.5
2026-08-24,廣達,9,324.0
2026-08-24,南亞科,9,504.0
2026-08-24,長榮,7,249.0
2026-08-24,陽明,7,64.3
2026-08-24,萬海,7,124.0
2026-08-24,廣達,9,325.0
2026-08-24,南亞科,9,501.0
2026-08-24,長榮,7,250.5
2026-08-24,陽明,7,64.5
2026-08-24,萬海,7,124.5
2026-08-24,廣達,9,325.0
2026-08-24,南亞科,9,501.0
2026-08-24,長榮,7,250.5
2026-08-24,陽明,7,64.5
2026-08-24,萬海,7,124.5
2026-08-24,廣達,9,325.0
2026-08-24,南亞科,9,501.0
2026-08-24,長榮,7,250.5
2026-08-24,陽明,7,64.5
2026-08-24,萬海,7,124.5
2026-08-24,廣達,9,325.0
2026-08-24,南亞科,9,501.0
2026-08-24,長榮,7,250.5
2026-08-24,陽明,7,64.5
2026-08-24,萬海,7,124.5
2026-08-24,廣達,9,325.0
2026-08-24,南亞科,9,501.0
2026-08-24,長榮,7,250.5
2026-08-24,陽明,7,64.5
2026-08-24,萬海,7,124.5
2026-08-24,廣達,9,325.0
2026-08-24,南亞科,9,501.0
2026-08-24,長榮,7,250.5
2026-08-24,陽明,7,64.5
2026-08-24,萬海,7,124.5
2026-08-24,廣達,9,325.0
2026-08-24,南亞科,9,501.0
2026-08-24,長榮,7,250.5
2026-08-24,陽明,7,64.5
2026-08-24,萬海,7,124.5
2026-08-24,廣達,9,325.0
2026-08-24,南亞科,9,501.0
2026-08-24,長榮,7,250.5
2026-08-24,陽明,7,64.5
2026-08-24,萬海,7,124.5
2026-08-24,廣達,9,325.0
2026-08-24,南亞科,9,501.0
2026-08-24,長榮,7,250.5
2026-08-24,陽明,7,64.5
2026-08-24,萬海,7,124.5
2026-08-24,廣達,9,325.0
2026-08-24,南亞科,9,501.0
2026-08-24,長榮,7,250.5
2026-08-24,陽明,7,64.5
2026-08-24,萬海,7,124.5
2026-08-24,廣達,9,325.0
2026-08-24,南亞科,9,501.0
2026-08-24,長榮,7,250.5
2026-08-24,陽明,7,64.5
2026-08-24,萬海,7,124.5
2026-08-24,廣達,9,325.0
2026-08-24,南亞科,9,501.0
2026-08-24,長榮,7,250.5
2026-08-24,陽明,7,64.5
2026-08-24,萬海,7,124.5
2026-08-25,陽明,13,64.0
2026-08-25,富邦金,12,134.0
2026-08-25,長榮,10,251.5
2026-08-25,萬海,10,124.5
2026-08-25,廣達,9,321.5
2026-08-25,陽明,13,64.0
2026-08-25,富邦金,12,134.0
2026-08-25,長榮,10,251.5
2026-08-25,萬海,10,124.5
2026-08-25,廣達,9,321.5
2026-08-25,陽明,13,64.0
2026-08-25,富邦金,12,134.0
2026-08-25,長榮,10,251.5
2026-08-25,萬海,10,124.5
2026-08-25,廣達,9,321.5
2026-08-25,陽明,13,64.0
2026-08-25,富邦金,12,134.0
2026-08-25,長榮,10,251.5
2026-08-25,萬海,10,124.5
2026-08-25,廣達,9,321.5
2026-08-25,陽明,13,64.0
2026-08-25,富邦金,12,134.0
2026-08-25,長榮,10,251.5
2026-08-25,萬海,10,124.5
2026-08-25,廣達,9,321.5
2026-08-25,陽明,13,64.0
2026-08-25,富邦金,12,134.0
2026-08-25,長榮,10,251.5
2026-08-25,萬海,10,124.5
2026-08-25,廣達,9,321.5
2026-08-25,陽明,13,64.0
2026-08-25,富邦金,12,134.0
2026-08-25,長榮,10,251.5
2026-08-25,萬海,10,124.5
2026-08-25,廣達,9,321.5
2026-08-25,陽明,13,64.0
2026-08-25,富邦金,12,134.0
2026-08-25,長榮,10,251.5
2026-08-25,萬海,10,124.5
2026-08-25,廣達,9,321.5
2026-08-25,陽明,13,64.0
2026-08-25,富邦金,12,134.0
2026-08-25,長榮,10,251.5
2026-08-25,萬海,10,124.5
2026-08-25,廣達,9,321.5
2026-08-25,廣達,9,325.0
2026-08-25,南亞科,9,501.0
2026-08-25,長榮,7,250.5
2026-08-25,陽明,7,64.5
2026-08-25,萬海,7,124.5
2026-08-25,廣達,9,325.0
2026-08-25,南亞科,9,501.0
2026-08-25,長榮,7,250.5
2026-08-25,陽明,7,64.5
2026-08-25,萬海,7,124.5
2026-08-25,廣達,9,325.0
2026-08-25,南亞科,9,501.0
2026-08-25,長榮,7,250.5
2026-08-25,陽明,7,64.5
2026-08-25,萬海,7,124.5
2026-08-25,廣達,9,325.0
2026-08-25,南亞科,9,501.0
2026-08-25,長榮,7,250.5
2026-08-25,陽明,7,64.5
2026-08-25,萬海,7,124.5
2026-08-25,廣達,9,325.0
2026-08-25,南亞科,9,501.0
2026-08-25,長榮,7,250.5
2026-08-25,陽明,7,64.5
2026-08-25,萬海,7,124.5
2026-08-25,廣達,9,325.0
2026-08-25,南亞科,9,501.0
2026-08-25,長榮,7,250.5
2026-08-25,陽明,7,64.5
2026-08-25,萬海,7,124.5
2026-08-25,富邦金,12,139.5
2026-08-25,廣達,9,320.0
2026-08-25,長榮,7,248.5
2026-08-25,陽明,7,64.2
2026-08-25,萬海,7,126.5
2026-08-25,富邦金,12,140.5
2026-08-25,廣達,9,321.5
2026-08-25,國泰金,9,103.5
2026-08-25,長榮,7,248.5
2026-08-25,陽明,7,65.2
2026-08-25,富邦金,12,140.5
2026-08-25,廣達,9,321.0
2026-08-25,國泰金,9,103.0
2026-08-25,長榮,8,247.0
2026-08-25,陽明,7,64.1
2026-08-25,富邦金,12,140.5
2026-08-25,廣達,9,322.0
2026-08-25,國泰金,9,103.5
2026-08-25,長榮,8,243.5
2026-08-25,陽明,7,63.4
2026-08-25,富邦金,15,141.5
2026-08-25,廣達,9,325.0
2026-08-25,8996.TW,9,1180.0
2026-08-25,國泰金,9,103.5
2026-08-25,南亞科,9,503.0
2026-08-25,富邦金,15,142.0
2026-08-25,8996.TW,12,1205.0
2026-08-25,國泰金,12,103.0
2026-08-25,廣達,9,326.0
2026-08-25,南亞科,9,508.0
2026-08-25,富邦金,15,141.5
2026-08-25,8996.TW,12,1215.0
2026-08-25,國泰金,12,103.0
2026-08-25,廣達,9,328.5
2026-08-25,南亞科,9,510.0
2026-08-25,富邦金,15,141.5
2026-08-25,8996.TW,12,1215.0
2026-08-25,國泰金,12,103.0
2026-08-25,廣達,9,328.5
2026-08-25,南亞科,9,510.0
2026-08-25,富邦金,15,141.5
2026-08-25,8996.TW,12,1215.0
2026-08-25,國泰金,12,103.0
2026-08-25,廣達,9,328.5
2026-08-25,南亞科,9,510.0
2026-08-25,富邦金,15,141.5
2026-08-25,8996.TW,12,1215.0
2026-08-25,國泰金,12,103.0
2026-08-25,廣達,9,328.5
2026-08-25,南亞科,9,510.0
2026-08-25,富邦金,15,141.5
2026-08-25,8996.TW,12,1215.0
2026-08-25,國泰金,12,103.0
2026-08-25,廣達,9,328.5
2026-08-25,南亞科,9,510.0
2026-08-25,富邦金,15,141.5
2026-08-25,8996.TW,12,1215.0
2026-08-25,國泰金,12,103.0
2026-08-25,廣達,9,328.5
2026-08-25,南亞科,9,510.0
2026-08-25,富邦金,15,141.5
2026-08-25,8996.TW,12,1215.0
2026-08-25,國泰金,12,103.0
2026-08-25,廣達,9,328.5
2026-08-25,南亞科,9,510.0
2026-08-25,富邦金,15,141.5
2026-08-25,8996.TW,12,1215.0
2026-08-25,國泰金,12,103.0
2026-08-25,廣達,9,328.5
2026-08-25,南亞科,9,510.0
2026-08-25,富邦金,15,141.5
2026-08-25,8996.TW,12,1215.0
2026-08-25,國泰金,12,103.0
2026-08-25,廣達,9,328.5
2026-08-25,南亞科,9,510.0
2026-08-25,富邦金,15,141.5
2026-08-25,8996.TW,12,1215.0
2026-08-25,國泰金,12,103.0
2026-08-25,廣達,9,328.5
2026-08-25,南亞科,9,510.0
2026-08-25,富邦金,15,141.5
2026-08-25,8996.TW,12,1215.0
2026-08-25,國泰金,12,103.0
2026-08-25,廣達,9,328.5
2026-08-25,南亞科,9,510.0
2026-08-25,富邦金,15,141.5
2026-08-25,8996.TW,12,1215.0
2026-08-25,國泰金,12,103.0
2026-08-25,廣達,9,328.5
2026-08-25,南亞科,9,510.0
2026-08-25,富邦金,15,141.5
2026-08-25,8996.TW,12,1215.0
2026-08-25,國泰金,12,103.0
2026-08-25,廣達,9,328.5
2026-08-25,南亞科,9,510.0
2026-08-26,廣達,9,325.0
2026-08-26,南亞科,9,501.0
2026-08-26,長榮,7,250.5
2026-08-26,陽明,7,64.5
2026-08-26,萬海,7,124.5
2026-08-26,廣達,9,325.0
2026-08-26,南亞科,9,501.0
2026-08-26,長榮,7,250.5
2026-08-26,陽明,7,64.5
2026-08-26,萬海,7,124.5
2026-08-26,廣達,9,325.0
2026-08-26,南亞科,9,501.0
2026-08-26,長榮,7,250.5
2026-08-26,陽明,7,64.5
2026-08-26,萬海,7,124.5
2026-08-26,廣達,9,325.0
2026-08-26,南亞科,9,501.0
2026-08-26,長榮,7,250.5
2026-08-26,陽明,7,64.5
2026-08-26,萬海,7,124.5
2026-08-26,廣達,9,325.0
2026-08-26,南亞科,9,501.0
2026-08-26,長榮,7,250.5
2026-08-26,陽明,7,64.5
2026-08-26,萬海,7,124.5
2026-08-26,廣達,9,325.0
2026-08-26,南亞科,9,501.0
2026-08-26,長榮,7,250.5
2026-08-26,陽明,7,64.5
2026-08-26,萬海,7,124.5
